Ano;Mes;Estado;Bacia;Campo;Poco;Nome_Poco;Ambiente;Instalacao;Tipo_Instalacao;Operador;Producao_Oleo_m3;Producao_Gas_Associado_Mm3;Producao_Gas_Nao_Associado_Mm3;Producao_Gas_Total_Mm3;Queima_Gas_Mm3;Injecao_Gas_Mm3;Producao_Agua_m3;Tempo_Producao_Dias
2023;1;RJ;CAMPOS;MARLIM;7-MRL-215D-RJS;MRL-215D;MAR;P-35;FPSO;PETROBRAS;11079.02;1.3295;0.0;1.3295;0.0274;0.0;7886.03;31
2023;1;RJ;CAMPOS;MARLIM;7-MRL-198-RJS;MRL-198;MAR;P-35;FPSO;PETROBRAS;7409.78;0.6669;0.0;0.6669;0.0151;0.0;36410.37;31
2023;1;RJ;CAMPOS;MARLIM;7-MRL-233-RJS;MRL-233;MAR;P-37;SEMISUBMERSIVEL;PETROBRAS;6192.43;0.6192;0.0;0.6192;0.0109;0.0;6803.05;31
2023;1;RJ;CAMPOS;RONCADOR;7-RO-68-RJS;RO-68;MAR;P-52;SEMISUBMERSIVEL;PETROBRAS;32168.02;5.1469;0.0;5.1469;0.0774;3.3455;8687.58;22
2023;1;RJ;CAMPOS;RONCADOR;7-RO-72D-RJS;RO-72D;MAR;P-52;SEMISUBMERSIVEL;PETROBRAS;43751.49;7.0002;0.0;7.0002;0.1337;4.5502;12443.16;31
2023;1;RJ;CAMPOS;RONCADOR;7-RO-84-RJS;RO-84;MAR;P-54;FPSO;PETROBRAS;8736.42;1.922;0.0;1.922;0.0673;0.0;10706.79;31
2023;1;RJ;CAMPOS;ALBACORA;7-AB-12-RJS;AB-12;MAR;P-25;SEMISUBMERSIVEL;PETROBRAS;7494.41;0.6745;0.0;0.6745;0.0212;0.0;33921.96;31
2023;1;RJ;CAMPOS;ALBACORA;7-AB-34D-RJS;AB-34D;MAR;P-31;FPSO;PETROBRAS;11576.57;1.3892;0.0;1.3892;0.0223;0.0;7875.1;31
2023;1;RN;POTIGUAR;CANTO DO AMARO;1-CAM-101-RN;CAM-101;TERRA;ESTACAO COLETORA CENTRAL CAM;ESTACAO COLETORA;3R PETROLEUM;112.8;0.0045;0.0;0.0045;0.0;0.0;1030.24;31
2023;1;RN;POTIGUAR;CANTO DO AMARO;1-CAM-204-RN;CAM-204;TERRA;ESTACAO COLETORA CENTRAL CAM;ESTACAO COLETORA;3R PETROLEUM;122.47;0.0049;0.0;0.0049;0.0;0.0;1023.24;31
2023;1;RN;POTIGUAR;CANTO DO AMARO;1-CAM-315-RN;CAM-315;TERRA;ESTACAO COLETORA SUL;ESTACAO COLETORA;3R PETROLEUM;72.83;0.0022;0.0;0.0022;0.0;0.0;2900.7;31
2023;1;RN;POTIGUAR;UBARANA;1-UB-45-RN;UB-45;MAR;PUB-01;PLATAFORMA FIXA;3R PETROLEUM;12576.95;1.5092;0.0;1.5092;0.0553;0.0;8489.53;31
2023;1;BA;RECONCAVO;MIRANGA;1-MGP-12-BA;MGP-12;TERRA;ESTACAO MIRANGA NORTE;ESTACAO COLETORA;PETRORECONCAVO;119.11;0.0048;0.0;0.0048;0.0;0.0;1013.48;31
2023;1;BA;RECONCAVO;MIRANGA;1-MGP-55-BA;MGP-55;TERRA;ESTACAO MIRANGA SUL;ESTACAO COLETORA;PETRORECONCAVO;80.04;0.0024;0.0;0.0024;0.0;0.0;2915.46;31
2023;1;BA;RECONCAVO;AGUA GRANDE;1-AG-88-BA;AG-88;TERRA;ESTACAO AGUA GRANDE;ESTACAO COLETORA;PETRORECONCAVO;111.77;0.0045;0.0;0.0045;0.0;0.0;975.65;31
2023;1;RJ;SANTOS;BUZIOS;7-BUZ-10-RJS;BUZ-10;MAR;P-74;FPSO;PETROBRAS;144001.39;36.0003;0.0;36.0003;0.6211;27.0003;14654.92;31
2023;1;RJ;SANTOS;BUZIOS;7-BUZ-12-RJS;BUZ-12;MAR;P-75;FPSO;PETROBRAS;142242.21;35.5606;0.0;35.5606;0.5577;26.6704;14736.42;31
2023;1;RJ;SANTOS;LULA;7-LL-22-RJS;LL-22;MAR;FPSO CIDADE DE MARICA;FPSO;PETROBRAS;127585.09;31.8963;0.0;31.8963;0.2763;23.9222;12935.39;27
2023;2;RJ;CAMPOS;MARLIM;7-MRL-215D-RJS;MRL-215D;MAR;P-35;FPSO;PETROBRAS;11662.46;1.3995;0.0;1.3995;0.0284;0.0;8816.13;28
2023;2;RJ;CAMPOS;MARLIM;7-MRL-198-RJS;MRL-198;MAR;P-35;FPSO;PETROBRAS;7475.54;0.6728;0.0;0.6728;0.0163;0.0;36541.05;28
2023;2;RJ;CAMPOS;MARLIM;7-MRL-233-RJS;MRL-233;MAR;P-37;SEMISUBMERSIVEL;PETROBRAS;6577.76;0.6578;0.0;0.6578;0.0139;0.0;7027.28;28
2023;2;RJ;CAMPOS;RONCADOR;7-RO-68-RJS;RO-68;MAR;P-52;SEMISUBMERSIVEL;PETROBRAS;44491.91;7.1187;0.0;7.1187;0.1564;4.6272;12130.26;28
2023;2;RJ;CAMPOS;RONCADOR;7-RO-72D-RJS;RO-72D;MAR;P-52;SEMISUBMERSIVEL;PETROBRAS;44170.44;7.0673;0.0;7.0673;0.1437;4.5937;12614.61;28
2023;2;RJ;CAMPOS;RONCADOR;7-RO-84-RJS;RO-84;MAR;P-54;FPSO;PETROBRAS;8368.25;1.841;0.0;1.841;0.0644;0.0;11238.24;28
2023;2;RJ;CAMPOS;ALBACORA;7-AB-12-RJS;AB-12;MAR;P-25;SEMISUBMERSIVEL;PETROBRAS;6996.9;0.6297;0.0;0.6297;0.0214;0.0;36389.32;28
2023;2;RJ;CAMPOS;ALBACORA;7-AB-34D-RJS;AB-34D;MAR;P-31;FPSO;PETROBRAS;11641.17;1.3969;0.0;1.3969;0.0447;0.0;9062.76;28
2023;2;RN;POTIGUAR;CANTO DO AMARO;1-CAM-101-RN;CAM-101;TERRA;ESTACAO COLETORA CENTRAL CAM;ESTACAO COLETORA;3R PETROLEUM;75.38;0.003;0.0;0.003;0.0;0.0;558.35;17
2023;2;RN;POTIGUAR;CANTO DO AMARO;1-CAM-204-RN;CAM-204;TERRA;ESTACAO COLETORA CENTRAL CAM;ESTACAO COLETORA;3R PETROLEUM;109.58;0.0044;0.0;0.0044;0.0001;0.0;992.2;28
2023;2;RN;POTIGUAR;CANTO DO AMARO;1-CAM-315-RN;CAM-315;TERRA;ESTACAO COLETORA SUL;ESTACAO COLETORA;3R PETROLEUM;79.93;0.0024;0.0;0.0024;0.0;0.0;2844.8;28
2023;2;RN;POTIGUAR;UBARANA;1-UB-45-RN;UB-45;MAR;PUB-01;PLATAFORMA FIXA;3R PETROLEUM;6903.56;0.8284;0.0;0.8284;0.0165;0.0;4905.81;16
2023;2;BA;RECONCAVO;MIRANGA;1-MGP-12-BA;MGP-12;TERRA;ESTACAO MIRANGA NORTE;ESTACAO COLETORA;PETRORECONCAVO;112.59;0.0045;0.0;0.0045;0.0001;0.0;1036.16;28
2023;2;BA;RECONCAVO;MIRANGA;1-MGP-55-BA;MGP-55;TERRA;ESTACAO MIRANGA SUL;ESTACAO COLETORA;PETRORECONCAVO;78.0;0.0023;0.0;0.0023;0.0;0.0;2837.85;28
2023;2;BA;RECONCAVO;AGUA GRANDE;1-AG-88-BA;AG-88;TERRA;ESTACAO AGUA GRANDE;ESTACAO COLETORA;PETRORECONCAVO;63.13;0.0025;0.0;0.0025;0.0;0.0;506.51;14
2023;2;RJ;SANTOS;BUZIOS;7-BUZ-10-RJS;BUZ-10;MAR;P-74;FPSO;PETROBRAS;115695.89;28.924;0.0;28.924;0.2514;21.693;12304.17;23
2023;2;RJ;SANTOS;BUZIOS;7-BUZ-12-RJS;BUZ-12;MAR;P-75;FPSO;PETROBRAS;145763.69;36.4409;0.0;36.4409;0.4647;27.3307;14442.59;28
2023;2;RJ;SANTOS;LULA;7-LL-22-RJS;LL-22;MAR;FPSO CIDADE DE MARICA;FPSO;PETROBRAS;142143.95;35.536;0.0;35.536;0.4347;26.652;15558.65;28
2023;3;RJ;CAMPOS;MARLIM;7-MRL-215D-RJS;MRL-215D;MAR;P-35;FPSO;PETROBRAS;11364.28;1.3637;0.0;1.3637;0.0273;0.0;9299.53;31
2023;3;RJ;CAMPOS;MARLIM;7-MRL-198-RJS;MRL-198;MAR;P-35;FPSO;PETROBRAS;7444.84;0.67;0.0;0.67;0.0222;0.0;37480.4;31
2023;3;RJ;CAMPOS;MARLIM;7-MRL-233-RJS;MRL-233;MAR;P-37;SEMISUBMERSIVEL;PETROBRAS;6183.49;0.6183;0.0;0.6183;0.0093;0.0;6807.29;31
2023;3;RJ;CAMPOS;RONCADOR;7-RO-68-RJS;RO-68;MAR;P-52;SEMISUBMERSIVEL;PETROBRAS;42883.95;6.8614;0.0;6.8614;0.0745;4.4599;12247.47;31
2023;3;RJ;CAMPOS;RONCADOR;7-RO-72D-RJS;RO-72D;MAR;P-52;SEMISUBMERSIVEL;PETROBRAS;42879.79;6.8608;0.0;6.8608;0.1394;4.4595;13110.83;31
2023;3;RJ;CAMPOS;RONCADOR;7-RO-84-RJS;RO-84;MAR;P-54;FPSO;PETROBRAS;5697.1;1.2534;0.0;1.2534;0.0439;0.0;7438.57;21
2023;3;RJ;CAMPOS;ALBACORA;7-AB-12-RJS;AB-12;MAR;P-25;SEMISUBMERSIVEL;PETROBRAS;7189.29;0.647;0.0;0.647;0.0241;0.0;38250.45;31
2023;3;RJ;CAMPOS;ALBACORA;7-AB-34D-RJS;AB-34D;MAR;P-31;FPSO;PETROBRAS;11265.31;1.3518;0.0;1.3518;0.0235;0.0;8925.97;31
2023;3;RN;POTIGUAR;CANTO DO AMARO;1-CAM-101-RN;CAM-101;TERRA;ESTACAO COLETORA CENTRAL CAM;ESTACAO COLETORA;3R PETROLEUM;115.33;0.0046;0.0;0.0046;0.0001;0.0;933.11;31
2023;3;RN;POTIGUAR;CANTO DO AMARO;1-CAM-204-RN;CAM-204;TERRA;ESTACAO COLETORA CENTRAL CAM;ESTACAO COLETORA;3R PETROLEUM;88.54;0.0035;0.0;0.0035;0.0;0.0;801.1;25
2023;3;RN;POTIGUAR;CANTO DO AMARO;1-CAM-315-RN;CAM-315;TERRA;ESTACAO COLETORA SUL;ESTACAO COLETORA;3R PETROLEUM;51.15;0.0015;0.0;0.0015;0.0;0.0;2003.63;22
2023;3;RN;POTIGUAR;UBARANA;1-UB-45-RN;UB-45;MAR;PUB-01;PLATAFORMA FIXA;3R PETROLEUM;10975.2;1.317;0.0;1.317;0.0502;0.0;8744.03;31
2023;3;BA;RECONCAVO;MIRANGA;1-MGP-12-BA;MGP-12;TERRA;ESTACAO MIRANGA NORTE;ESTACAO COLETORA;PETRORECONCAVO;124.92;0.005;0.0;0.005;0.0;0.0;959.56;31
2023;3;BA;RECONCAVO;MIRANGA;1-MGP-55-BA;MGP-55;TERRA;ESTACAO MIRANGA SUL;ESTACAO COLETORA;PETRORECONCAVO;79.59;0.0024;0.0;0.0024;0.0;0.0;3012.71;31
2023;3;BA;RECONCAVO;AGUA GRANDE;1-AG-88-BA;AG-88;TERRA;ESTACAO AGUA GRANDE;ESTACAO COLETORA;PETRORECONCAVO;124.68;0.005;0.0;0.005;0.0;0.0;886.6;31
2023;3;RJ;SANTOS;BUZIOS;7-BUZ-10-RJS;BUZ-10;MAR;P-74;FPSO;PETROBRAS;142697.49;35.6744;0.0;35.6744;0.4206;26.7558;14337.95;31
2023;3;RJ;SANTOS;BUZIOS;7-BUZ-12-RJS;BUZ-12;MAR;P-75;FPSO;PETROBRAS;141718.57;35.4296;0.0;35.4296;0.4446;26.5722;15426.11;31
2023;3;RJ;SANTOS;LULA;7-LL-22-RJS;LL-22;MAR;FPSO CIDADE DE MARICA;FPSO;PETROBRAS;146706.34;36.6766;0.0;36.6766;0.4972;27.5074;15743.13;31
2023;4;RJ;CAMPOS;MARLIM;7-MRL-215D-RJS;MRL-215D;MAR;P-35;FPSO;PETROBRAS;10553.17;1.2664;0.0;1.2664;0.0497;0.0;9243.15;30
2023;4;RJ;CAMPOS;MARLIM;7-MRL-198-RJS;MRL-198;MAR;P-35;FPSO;PETROBRAS;6892.63;0.6203;0.0;0.6203;0.0135;0.0;38729.88;30
2023;4;RJ;CAMPOS;MARLIM;7-MRL-233-RJS;MRL-233;MAR;P-37;SEMISUBMERSIVEL;PETROBRAS;6372.61;0.6373;0.0;0.6373;0.0079;0.0;7246.9;30
2023;4;RJ;CAMPOS;RONCADOR;7-RO-68-RJS;RO-68;MAR;P-52;SEMISUBMERSIVEL;PETROBRAS;42013.72;6.7222;0.0;6.7222;0.1152;4.3694;12494.71;30
2023;4;RJ;CAMPOS;RONCADOR;7-RO-72D-RJS;RO-72D;MAR;P-52;SEMISUBMERSIVEL;PETROBRAS;42558.76;6.8094;0.0;6.8094;0.1408;4.4261;12409.65;30
2023;4;RJ;CAMPOS;RONCADOR;7-RO-84-RJS;RO-84;MAR;P-54;FPSO;PETROBRAS;8657.09;1.9046;0.0;1.9046;0.0667;0.0;11157.58;30
2023;4;RJ;CAMPOS;ALBACORA;7-AB-12-RJS;AB-12;MAR;P-25;SEMISUBMERSIVEL;PETROBRAS;6930.92;0.6238;0.0;0.6238;0.03;0.0;37965.8;30
2023;4;RJ;CAMPOS;ALBACORA;7-AB-34D-RJS;AB-34D;MAR;P-31;FPSO;PETROBRAS;11372.4;1.3647;0.0;1.3647;0.034;0.0;9172.62;30
2023;4;RN;POTIGUAR;CANTO DO AMARO;1-CAM-101-RN;CAM-101;TERRA;ESTACAO COLETORA CENTRAL CAM;ESTACAO COLETORA;3R PETROLEUM;113.39;0.0045;0.0;0.0045;0.0001;0.0;915.07;30
2023;4;RN;POTIGUAR;CANTO DO AMARO;1-CAM-204-RN;CAM-204;TERRA;ESTACAO COLETORA CENTRAL CAM;ESTACAO COLETORA;3R PETROLEUM;51.75;0.0021;0.0;0.0021;0.0;0.0;416.85;13
2023;4;RN;POTIGUAR;CANTO DO AMARO;1-CAM-315-RN;CAM-315;TERRA;ESTACAO COLETORA SUL;ESTACAO COLETORA;3R PETROLEUM;74.61;0.0022;0.0;0.0022;0.0;0.0;2708.21;30
2023;4;RN;POTIGUAR;UBARANA;1-UB-45-RN;UB-45;MAR;PUB-01;PLATAFORMA FIXA;3R PETROLEUM;10427.66;1.2513;0.0;1.2513;0.0277;0.0;9179.43;30
2023;4;BA;RECONCAVO;MIRANGA;1-MGP-12-BA;MGP-12;TERRA;ESTACAO MIRANGA NORTE;ESTACAO COLETORA;PETRORECONCAVO;117.95;0.0047;0.0;0.0047;0.0001;0.0;912.48;30
2023;4;BA;RECONCAVO;MIRANGA;1-MGP-55-BA;MGP-55;TERRA;ESTACAO MIRANGA SUL;ESTACAO COLETORA;PETRORECONCAVO;74.87;0.0022;0.0;0.0022;0.0;0.0;2903.1;30
2023;4;BA;RECONCAVO;AGUA GRANDE;1-AG-88-BA;AG-88;TERRA;ESTACAO AGUA GRANDE;ESTACAO COLETORA;PETRORECONCAVO;125.24;0.005;0.0;0.005;0.0001;0.0;874.68;30
2023;4;RJ;SANTOS;BUZIOS;7-BUZ-10-RJS;BUZ-10;MAR;P-74;FPSO;PETROBRAS;145780.48;36.4451;0.0;36.4451;0.3482;27.3338;15363.63;30
2023;4;RJ;SANTOS;BUZIOS;7-BUZ-12-RJS;BUZ-12;MAR;P-75;FPSO;PETROBRAS;140901.31;35.2253;0.0;35.2253;0.524;26.419;14764.32;30
2023;4;RJ;SANTOS;LULA;7-LL-22-RJS;LL-22;MAR;FPSO CIDADE DE MARICA;FPSO;PETROBRAS;143019.28;35.7548;0.0;35.7548;0.6107;26.8161;14626.68;30
2023;5;RJ;CAMPOS;MARLIM;7-MRL-215D-RJS;MRL-215D;MAR;P-35;FPSO;PETROBRAS;5459.86;0.6552;0.0;0.6552;0.0153;0.0;4532.02;15
2023;5;RJ;CAMPOS;MARLIM;7-MRL-198-RJS;MRL-198;MAR;P-35;FPSO;PETROBRAS;7165.32;0.6449;0.0;0.6449;0.0214;0.0;37617.34;31
2023;5;RJ;CAMPOS;MARLIM;7-MRL-233-RJS;MRL-233;MAR;P-37;SEMISUBMERSIVEL;PETROBRAS;6374.04;0.6374;0.0;0.6374;0.0154;0.0;6728.31;31
2023;5;RJ;CAMPOS;RONCADOR;7-RO-68-RJS;RO-68;MAR;P-52;SEMISUBMERSIVEL;PETROBRAS;41917.96;6.7069;0.0;6.7069;0.0968;4.3595;12587.56;31
2023;5;RJ;CAMPOS;RONCADOR;7-RO-72D-RJS;RO-72D;MAR;P-52;SEMISUBMERSIVEL;PETROBRAS;42896.64;6.8635;0.0;6.8635;0.0987;4.4613;12595.21;31
2023;5;RJ;CAMPOS;RONCADOR;7-RO-84-RJS;RO-84;MAR;P-54;FPSO;PETROBRAS;8962.33;1.9717;0.0;1.9717;0.069;0.0;10392.66;31
2023;5;RJ;CAMPOS;ALBACORA;7-AB-12-RJS;AB-12;MAR;P-25;SEMISUBMERSIVEL;PETROBRAS;6895.38;0.6206;0.0;0.6206;0.019;0.0;39372.93;31
2023;5;RJ;CAMPOS;ALBACORA;7-AB-34D-RJS;AB-34D;MAR;P-31;FPSO;PETROBRAS;11348.45;1.3618;0.0;1.3618;0.0459;0.0;10550.67;31
2023;5;RN;POTIGUAR;CANTO DO AMARO;1-CAM-101-RN;CAM-101;TERRA;ESTACAO COLETORA CENTRAL CAM;ESTACAO COLETORA;3R PETROLEUM;111.31;0.0045;0.0;0.0045;0.0001;0.0;885.88;31
2023;5;RN;POTIGUAR;CANTO DO AMARO;1-CAM-204-RN;CAM-204;TERRA;ESTACAO COLETORA CENTRAL CAM;ESTACAO COLETORA;3R PETROLEUM;114.58;0.0046;0.0;0.0046;0.0001;0.0;889.08;31
2023;5;RN;POTIGUAR;CANTO DO AMARO;1-CAM-315-RN;CAM-315;TERRA;ESTACAO COLETORA SUL;ESTACAO COLETORA;3R PETROLEUM;72.43;0.0022;0.0;0.0022;0.0;0.0;2903.85;31
2023;5;RN;POTIGUAR;UBARANA;1-UB-45-RN;UB-45;MAR;PUB-01;PLATAFORMA FIXA;3R PETROLEUM;10454.25;1.2545;0.0;1.2545;0.0408;0.0;9512.82;31
2023;5;BA;RECONCAVO;MIRANGA;1-MGP-12-BA;MGP-12;TERRA;ESTACAO MIRANGA NORTE;ESTACAO COLETORA;PETRORECONCAVO;107.63;0.0043;0.0;0.0043;0.0;0.0;944.43;31
2023;5;BA;RECONCAVO;MIRANGA;1-MGP-55-BA;MGP-55;TERRA;ESTACAO MIRANGA SUL;ESTACAO COLETORA;PETRORECONCAVO;71.73;0.0022;0.0;0.0022;0.0;0.0;2958.68;31
2023;5;BA;RECONCAVO;AGUA GRANDE;1-AG-88-BA;AG-88;TERRA;ESTACAO AGUA GRANDE;ESTACAO COLETORA;PETRORECONCAVO;111.05;0.0044;0.0;0.0044;0.0;0.0;980.41;31
2023;5;RJ;SANTOS;BUZIOS;7-BUZ-10-RJS;BUZ-10;MAR;P-74;FPSO;PETROBRAS;139467.07;34.8668;0.0;34.8668;0.4014;26.1501;15409.99;31
2023;5;RJ;SANTOS;BUZIOS;7-BUZ-12-RJS;BUZ-12;MAR;P-75;FPSO;PETROBRAS;143837.43;35.9594;0.0;35.9594;0.4068;26.9695;15515.49;31
2023;5;RJ;SANTOS;LULA;7-LL-22-RJS;LL-22;MAR;FPSO CIDADE DE MARICA;FPSO;PETROBRAS;90483.18;22.6208;0.0;22.6208;0.241;16.9656;10125.03;20
2023;6;RJ;CAMPOS;MARLIM;7-MRL-215D-RJS;MRL-215D;MAR;P-35;FPSO;PETROBRAS;4834.84;0.5802;0.0;0.5802;0.015;0.0;5033.19;14
2023;6;RJ;CAMPOS;MARLIM;7-MRL-198-RJS;MRL-198;MAR;P-35;FPSO;PETROBRAS;6266.95;0.564;0.0;0.564;0.0145;0.0;41117.74;30
2023;6;RJ;CAMPOS;MARLIM;7-MRL-233-RJS;MRL-233;MAR;P-37;SEMISUBMERSIVEL;PETROBRAS;2810.79;0.2811;0.0;0.2811;0.0051;0.0;3405.69;14
2023;6;RJ;CAMPOS;RONCADOR;7-RO-68-RJS;RO-68;MAR;P-52;SEMISUBMERSIVEL;PETROBRAS;43633.02;6.9813;0.0;6.9813;0.1003;4.5378;13730.35;30
2023;6;RJ;CAMPOS;RONCADOR;7-RO-72D-RJS;RO-72D;MAR;P-52;SEMISUBMERSIVEL;PETROBRAS;24492.58;3.9188;0.0;3.9188;0.045;2.5472;7774.99;17
2023;6;RJ;CAMPOS;RONCADOR;7-RO-84-RJS;RO-84;MAR;P-54;FPSO;PETROBRAS;8395.05;1.8469;0.0;1.8469;0.0646;0.0;11220.3;30
2023;6;RJ;CAMPOS;ALBACORA;7-AB-12-RJS;AB-12;MAR;P-25;SEMISUBMERSIVEL;PETROBRAS;6784.74;0.6106;0.0;0.6106;0.0157;0.0;39890.94;30
2023;6;RJ;CAMPOS;ALBACORA;7-AB-34D-RJS;AB-34D;MAR;P-31;FPSO;PETROBRAS;10407.08;1.2488;0.0;1.2488;0.0242;0.0;10734.39;30
2023;6;RN;POTIGUAR;CANTO DO AMARO;1-CAM-101-RN;CAM-101;TERRA;ESTACAO COLETORA CENTRAL CAM;ESTACAO COLETORA;3R PETROLEUM;113.54;0.0045;0.0;0.0045;0.0;0.0;1013.41;30
2023;6;RN;POTIGUAR;CANTO DO AMARO;1-CAM-204-RN;CAM-204;TERRA;ESTACAO COLETORA CENTRAL CAM;ESTACAO COLETORA;3R PETROLEUM;120.55;0.0048;0.0;0.0048;0.0;0.0;970.27;30
2023;6;RN;POTIGUAR;CANTO DO AMARO;1-CAM-315-RN;CAM-315;TERRA;ESTACAO COLETORA SUL;ESTACAO COLETORA;3R PETROLEUM;74.28;0.0022;0.0;0.0022;0.0;0.0;2846.07;30
2023;6;RN;POTIGUAR;UBARANA;1-UB-45-RN;UB-45;MAR;PUB-01;PLATAFORMA FIXA;3R PETROLEUM;11217.59;1.3461;0.0;1.3461;0.0424;0.0;10718.17;30
2023;6;BA;RECONCAVO;MIRANGA;1-MGP-12-BA;MGP-12;TERRA;ESTACAO MIRANGA NORTE;ESTACAO COLETORA;PETRORECONCAVO;118.3;0.0047;0.0;0.0047;0.0;0.0;972.66;30
2023;6;BA;RECONCAVO;MIRANGA;1-MGP-55-BA;MGP-55;TERRA;ESTACAO MIRANGA SUL;ESTACAO COLETORA;PETRORECONCAVO;69.37;0.0021;0.0;0.0021;0.0;0.0;2772.99;30
2023;6;BA;RECONCAVO;AGUA GRANDE;1-AG-88-BA;AG-88;TERRA;ESTACAO AGUA GRANDE;ESTACAO COLETORA;PETRORECONCAVO;108.77;0.0044;0.0;0.0044;0.0001;0.0;863.78;30
2023;6;RJ;SANTOS;BUZIOS;7-BUZ-10-RJS;BUZ-10;MAR;P-74;FPSO;PETROBRAS;144041.35;36.0103;0.0;36.0103;0.6072;27.0078;14933.12;30
2023;6;RJ;SANTOS;BUZIOS;7-BUZ-12-RJS;BUZ-12;MAR;P-75;FPSO;PETROBRAS;143683.23;35.9208;0.0;35.9208;0.4309;26.9406;14825.97;30
2023;6;RJ;SANTOS;LULA;7-LL-22-RJS;LL-22;MAR;FPSO CIDADE DE MARICA;FPSO;PETROBRAS;143463.8;35.866;0.0;35.866;0.5955;26.8995;15588.99;30
2023;7;RJ;CAMPOS;MARLIM;7-MRL-215D-RJS;MRL-215D;MAR;P-35;FPSO;PETROBRAS;10723.16;1.2868;0.0;1.2868;0.0452;0.0;10469.41;31
2023;7;RJ;CAMPOS;MARLIM;7-MRL-198-RJS;MRL-198;MAR;P-35;FPSO;PETROBRAS;6459.2;0.5813;0.0;0.5813;0.0276;0.0;40810.73;31
2023;7;RJ;CAMPOS;MARLIM;7-MRL-233-RJS;MRL-233;MAR;P-37;SEMISUBMERSIVEL;PETROBRAS;6067.74;0.6068;0.0;0.6068;0.0109;0.0;6975.25;31
2023;7;RJ;CAMPOS;RONCADOR;7-RO-68-RJS;RO-68;MAR;P-52;SEMISUBMERSIVEL;PETROBRAS;41827.13;6.6923;0.0;6.6923;0.1025;4.35;14152.25;31
2023;7;RJ;CAMPOS;RONCADOR;7-RO-72D-RJS;RO-72D;MAR;P-52;SEMISUBMERSIVEL;PETROBRAS;43798.79;7.0078;0.0;7.0078;0.1463;4.5551;13698.9;31
2023;7;RJ;CAMPOS;RONCADOR;7-RO-84-RJS;RO-84;MAR;P-54;FPSO;PETROBRAS;7957.29;1.7506;0.0;1.7506;0.0613;0.0;11477.17;31
2023;7;RJ;CAMPOS;ALBACORA;7-AB-12-RJS;AB-12;MAR;P-25;SEMISUBMERSIVEL;PETROBRAS;6710.33;0.6039;0.0;0.6039;0.0171;0.0;41837.74;31
2023;7;RJ;CAMPOS;ALBACORA;7-AB-34D-RJS;AB-34D;MAR;P-31;FPSO;PETROBRAS;10322.07;1.2386;0.0;1.2386;0.0322;0.0;10497.79;31
2023;7;RN;POTIGUAR;CANTO DO AMARO;1-CAM-101-RN;CAM-101;TERRA;ESTACAO COLETORA CENTRAL CAM;ESTACAO COLETORA;3R PETROLEUM;109.5;0.0044;0.0;0.0044;0.0001;0.0;918.81;31
2023;7;RN;POTIGUAR;CANTO DO AMARO;1-CAM-204-RN;CAM-204;TERRA;ESTACAO COLETORA CENTRAL CAM;ESTACAO COLETORA;3R PETROLEUM;84.73;0.0034;0.0;0.0034;0.0;0.0;764.01;24
2023;7;RN;POTIGUAR;CANTO DO AMARO;1-CAM-315-RN;CAM-315;TERRA;ESTACAO COLETORA SUL;ESTACAO COLETORA;3R PETROLEUM;33.57;0.001;0.0;0.001;0.0;0.0;1369.16;15
2023;7;RN;POTIGUAR;UBARANA;1-UB-45-RN;UB-45;MAR;PUB-01;PLATAFORMA FIXA;3R PETROLEUM;4931.72;0.5918;0.0;0.5918;0.0229;0.0;5436.67;15
2023;7;BA;RECONCAVO;MIRANGA;1-MGP-12-BA;MGP-12;TERRA;ESTACAO MIRANGA NORTE;ESTACAO COLETORA;PETRORECONCAVO;58.8;0.0024;0.0;0.0024;0.0;0.0;533.74;16
2023;7;BA;RECONCAVO;MIRANGA;1-MGP-55-BA;MGP-55;TERRA;ESTACAO MIRANGA SUL;ESTACAO COLETORA;PETRORECONCAVO;75.53;0.0023;0.0;0.0023;0.0;0.0;2964.21;31
2023;7;BA;RECONCAVO;AGUA GRANDE;1-AG-88-BA;AG-88;TERRA;ESTACAO AGUA GRANDE;ESTACAO COLETORA;PETRORECONCAVO;118.65;0.0047;0.0;0.0047;0.0001;0.0;1006.97;31
2023;7;RJ;SANTOS;BUZIOS;7-BUZ-10-RJS;BUZ-10;MAR;P-74;FPSO;PETROBRAS;140080.64;35.0202;0.0;35.0202;0.4163;26.2651;14978.46;31
2023;7;RJ;SANTOS;BUZIOS;7-BUZ-12-RJS;BUZ-12;MAR;P-75;FPSO;PETROBRAS;143820.36;35.9551;0.0;35.9551;0.5898;26.9663;15336.27;31
2023;7;RJ;SANTOS;LULA;7-LL-22-RJS;LL-22;MAR;FPSO CIDADE DE MARICA;FPSO;PETROBRAS;145120.42;36.2801;0.0;36.2801;0.6193;27.2101;15051.19;31
2023;8;RJ;CAMPOS;MARLIM;7-MRL-215D-RJS;MRL-215D;MAR;P-35;FPSO;PETROBRAS;10333.16;1.24;0.0;1.24;0.0319;0.0;10714.18;31
2023;8;RJ;CAMPOS;MARLIM;7-MRL-198-RJS;MRL-198;MAR;P-35;FPSO;PETROBRAS;6100.1;0.549;0.0;0.549;0.0164;0.0;40615.0;31
2023;8;RJ;CAMPOS;MARLIM;7-MRL-233-RJS;MRL-233;MAR;P-37;SEMISUBMERSIVEL;PETROBRAS;6152.72;0.6153;0.0;0.6153;0.0087;0.0;7265.75;31
2023;8;RJ;CAMPOS;RONCADOR;7-RO-68-RJS;RO-68;MAR;P-52;SEMISUBMERSIVEL;PETROBRAS;41847.35;6.6956;0.0;6.6956;0.1047;4.3521;14572.22;31
2023;8;RJ;CAMPOS;RONCADOR;7-RO-72D-RJS;RO-72D;MAR;P-52;SEMISUBMERSIVEL;PETROBRAS;40589.95;6.4944;0.0;6.4944;0.0824;4.2214;14737.21;31
2023;8;RJ;CAMPOS;RONCADOR;7-RO-84-RJS;RO-84;MAR;P-54;FPSO;PETROBRAS;7382.96;1.6243;0.0;1.6243;0.0568;0.0;10097.55;27
2023;8;RJ;CAMPOS;ALBACORA;7-AB-12-RJS;AB-12;MAR;P-25;SEMISUBMERSIVEL;PETROBRAS;5961.57;0.5365;0.0;0.5365;0.0128;0.0;40214.41;31
2023;8;RJ;CAMPOS;ALBACORA;7-AB-34D-RJS;AB-34D;MAR;P-31;FPSO;PETROBRAS;10200.95;1.2241;0.0;1.2241;0.0398;0.0;10908.44;31
2023;8;RN;POTIGUAR;CANTO DO AMARO;1-CAM-101-RN;CAM-101;TERRA;ESTACAO COLETORA CENTRAL CAM;ESTACAO COLETORA;3R PETROLEUM;107.41;0.0043;0.0;0.0043;0.0001;0.0;970.38;31
2023;8;RN;POTIGUAR;CANTO DO AMARO;1-CAM-204-RN;CAM-204;TERRA;ESTACAO COLETORA CENTRAL CAM;ESTACAO COLETORA;3R PETROLEUM;90.42;0.0036;0.0;0.0036;0.0;0.0;649.59;23
2023;8;RN;POTIGUAR;CANTO DO AMARO;1-CAM-315-RN;CAM-315;TERRA;ESTACAO COLETORA SUL;ESTACAO COLETORA;3R PETROLEUM;72.08;0.0022;0.0;0.0022;0.0;0.0;3008.77;31
2023;8;RN;POTIGUAR;UBARANA;1-UB-45-RN;UB-45;MAR;PUB-01;PLATAFORMA FIXA;3R PETROLEUM;10402.6;1.2483;0.0;1.2483;0.0403;0.0;10702.66;31
2023;8;BA;RECONCAVO;MIRANGA;1-MGP-12-BA;MGP-12;TERRA;ESTACAO MIRANGA NORTE;ESTACAO COLETORA;PETRORECONCAVO;106.21;0.0042;0.0;0.0042;0.0001;0.0;1001.77;31
2023;8;BA;RECONCAVO;MIRANGA;1-MGP-55-BA;MGP-55;TERRA;ESTACAO MIRANGA SUL;ESTACAO COLETORA;PETRORECONCAVO;66.08;0.002;0.0;0.002;0.0;0.0;3018.12;31
2023;8;BA;RECONCAVO;AGUA GRANDE;1-AG-88-BA;AG-88;TERRA;ESTACAO AGUA GRANDE;ESTACAO COLETORA;PETRORECONCAVO;110.67;0.0044;0.0;0.0044;0.0;0.0;936.39;31
2023;8;RJ;SANTOS;BUZIOS;7-BUZ-10-RJS;BUZ-10;MAR;P-74;FPSO;PETROBRAS;140145.24;35.0363;0.0;35.0363;0.5684;26.2772;15524.36;31
2023;8;RJ;SANTOS;BUZIOS;7-BUZ-12-RJS;BUZ-12;MAR;P-75;FPSO;PETROBRAS;77999.78;19.4999;0.0;19.4999;0.2939;14.625;8496.19;17
2023;8;RJ;SANTOS;LULA;7-LL-22-RJS;LL-22;MAR;FPSO CIDADE DE MARICA;FPSO;PETROBRAS;142932.1;35.733;0.0;35.733;0.3824;26.7998;15698.21;31
2023;9;RJ;CAMPOS;MARLIM;7-MRL-215D-RJS;MRL-215D;MAR;P-35;FPSO;PETROBRAS;9942.85;1.1931;0.0;1.1931;0.0309;0.0;11749.11;30
2023;9;RJ;CAMPOS;MARLIM;7-MRL-198-RJS;MRL-198;MAR;P-35;FPSO;PETROBRAS;6063.37;0.5457;0.0;0.5457;0.0245;0.0;43746.81;30
2023;9;RJ;CAMPOS;MARLIM;7-MRL-233-RJS;MRL-233;MAR;P-37;SEMISUBMERSIVEL;PETROBRAS;2630.04;0.263;0.0;0.263;0.005;0.0;3022.63;13
2023;9;RJ;CAMPOS;RONCADOR;7-RO-68-RJS;RO-68;MAR;P-52;SEMISUBMERSIVEL;PETROBRAS;40186.28;6.4298;0.0;6.4298;0.0783;4.1794;14905.37;30
2023;9;RJ;CAMPOS;RONCADOR;7-RO-72D-RJS;RO-72D;MAR;P-52;SEMISUBMERSIVEL;PETROBRAS;42782.84;6.8453;0.0;6.8453;0.1408;4.4494;14170.09;30
2023;9;RJ;CAMPOS;RONCADOR;7-RO-84-RJS;RO-84;MAR;P-54;FPSO;PETROBRAS;7915.65;1.7414;0.0;1.7414;0.061;0.0;10353.4;30
2023;9;RJ;CAMPOS;ALBACORA;7-AB-12-RJS;AB-12;MAR;P-25;SEMISUBMERSIVEL;PETROBRAS;5909.26;0.5318;0.0;0.5318;0.0184;0.0;43246.84;30
2023;9;RJ;CAMPOS;ALBACORA;7-AB-34D-RJS;AB-34D;MAR;P-31;FPSO;PETROBRAS;10141.88;1.217;0.0;1.217;0.0332;0.0;11994.02;30
2023;9;RN;POTIGUAR;CANTO DO AMARO;1-CAM-101-RN;CAM-101;TERRA;ESTACAO COLETORA CENTRAL CAM;ESTACAO COLETORA;3R PETROLEUM;105.2;0.0042;0.0;0.0042;0.0001;0.0;897.1;30
2023;9;RN;POTIGUAR;CANTO DO AMARO;1-CAM-204-RN;CAM-204;TERRA;ESTACAO COLETORA CENTRAL CAM;ESTACAO COLETORA;3R PETROLEUM;114.0;0.0046;0.0;0.0046;0.0;0.0;944.92;30
2023;9;RN;POTIGUAR;CANTO DO AMARO;1-CAM-315-RN;CAM-315;TERRA;ESTACAO COLETORA SUL;ESTACAO COLETORA;3R PETROLEUM;71.73;0.0022;0.0;0.0022;0.0;0.0;2780.41;30
2023;9;RN;POTIGUAR;UBARANA;1-UB-45-RN;UB-45;MAR;PUB-01;PLATAFORMA FIXA;3R PETROLEUM;9593.9;1.1513;0.0;1.1513;0.0207;0.0;11399.12;30
2023;9;BA;RECONCAVO;MIRANGA;1-MGP-12-BA;MGP-12;TERRA;ESTACAO MIRANGA NORTE;ESTACAO COLETORA;PETRORECONCAVO;105.68;0.0042;0.0;0.0042;0.0001;0.0;956.81;30
2023;9;BA;RECONCAVO;MIRANGA;1-MGP-55-BA;MGP-55;TERRA;ESTACAO MIRANGA SUL;ESTACAO COLETORA;PETRORECONCAVO;66.1;0.002;0.0;0.002;0.0;0.0;2836.25;30
2023;9;BA;RECONCAVO;AGUA GRANDE;1-AG-88-BA;AG-88;TERRA;ESTACAO AGUA GRANDE;ESTACAO COLETORA;PETRORECONCAVO;121.11;0.0048;0.0;0.0048;0.0;0.0;954.68;30
2023;9;RJ;SANTOS;BUZIOS;7-BUZ-10-RJS;BUZ-10;MAR;P-74;FPSO;PETROBRAS;97584.49;24.3961;0.0;24.3961;0.2689;18.2971;10353.93;21
2023;9;RJ;SANTOS;BUZIOS;7-BUZ-12-RJS;BUZ-12;MAR;P-75;FPSO;PETROBRAS;138205.56;34.5514;0.0;34.5514;0.2953;25.9135;14318.27;30
2023;9;RJ;SANTOS;LULA;7-LL-22-RJS;LL-22;MAR;FPSO CIDADE DE MARICA;FPSO;PETROBRAS;143991.72;35.9979;0.0;35.9979;0.559;26.9984;15206.8;30
2023;10;RJ;CAMPOS;MARLIM;7-MRL-215D-RJS;MRL-215D;MAR;P-35;FPSO;PETROBRAS;8824.46;1.0589;0.0;1.0589;0.0275;0.0;11003.83;28
2023;10;RJ;CAMPOS;MARLIM;7-MRL-198-RJS;MRL-198;MAR;P-35;FPSO;PETROBRAS;5774.55;0.5197;0.0;0.5197;0.0178;0.0;45026.39;31
2023;10;RJ;CAMPOS;MARLIM;7-MRL-233-RJS;MRL-233;MAR;P-37;SEMISUBMERSIVEL;PETROBRAS;6126.69;0.6127;0.0;0.6127;0.0119;0.0;6701.86;31
2023;10;RJ;CAMPOS;RONCADOR;7-RO-68-RJS;RO-68;MAR;P-52;SEMISUBMERSIVEL;PETROBRAS;32891.73;5.2627;0.0;5.2627;0.058;3.4207;11891.78;24
2023;10;RJ;CAMPOS;RONCADOR;7-RO-72D-RJS;RO-72D;MAR;P-52;SEMISUBMERSIVEL;PETROBRAS;41637.63;6.662;0.0;6.662;0.1143;4.3303;14576.78;31
2023;10;RJ;CAMPOS;RONCADOR;7-RO-84-RJS;RO-84;MAR;P-54;FPSO;PETROBRAS;8329.22;1.8324;0.0;1.8324;0.0641;0.0;10842.1;31
2023;10;RJ;CAMPOS;ALBACORA;7-AB-12-RJS;AB-12;MAR;P-25;SEMISUBMERSIVEL;PETROBRAS;5978.21;0.538;0.0;0.538;0.0177;0.0;43658.89;31
2023;10;RJ;CAMPOS;ALBACORA;7-AB-34D-RJS;AB-34D;MAR;P-31;FPSO;PETROBRAS;9113.8;1.0937;0.0;1.0937;0.0191;0.0;12951.51;31
2023;10;RN;POTIGUAR;CANTO DO AMARO;1-CAM-101-RN;CAM-101;TERRA;ESTACAO COLETORA CENTRAL CAM;ESTACAO COLETORA;3R PETROLEUM;113.87;0.0046;0.0;0.0046;0.0;0.0;905.28;31
2023;10;RN;POTIGUAR;CANTO DO AMARO;1-CAM-204-RN;CAM-204;TERRA;ESTACAO COLETORA CENTRAL CAM;ESTACAO COLETORA;3R PETROLEUM;112.56;0.0045;0.0;0.0045;0.0;0.0;884.74;31
2023;10;RN;POTIGUAR;CANTO DO AMARO;1-CAM-315-RN;CAM-315;TERRA;ESTACAO COLETORA SUL;ESTACAO COLETORA;3R PETROLEUM;67.77;0.002;0.0;0.002;0.0;0.0;2671.88;31
2023;10;RN;POTIGUAR;UBARANA;1-UB-45-RN;UB-45;MAR;PUB-01;PLATAFORMA FIXA;3R PETROLEUM;9397.9;1.1277;0.0;1.1277;0.0189;0.0;12794.07;31
2023;10;BA;RECONCAVO;MIRANGA;1-MGP-12-BA;MGP-12;TERRA;ESTACAO MIRANGA NORTE;ESTACAO COLETORA;PETRORECONCAVO;107.43;0.0043;0.0;0.0043;0.0;0.0;1005.34;31
2023;10;BA;RECONCAVO;MIRANGA;1-MGP-55-BA;MGP-55;TERRA;ESTACAO MIRANGA SUL;ESTACAO COLETORA;PETRORECONCAVO;64.92;0.0019;0.0;0.0019;0.0;0.0;2701.78;31
2023;10;BA;RECONCAVO;AGUA GRANDE;1-AG-88-BA;AG-88;TERRA;ESTACAO AGUA GRANDE;ESTACAO COLETORA;PETRORECONCAVO;105.36;0.0042;0.0;0.0042;0.0;0.0;905.47;31
2023;10;RJ;SANTOS;BUZIOS;7-BUZ-10-RJS;BUZ-10;MAR;P-74;FPSO;PETROBRAS;86478.61;21.6197;0.0;21.6197;0.3721;16.2147;9491.64;19
2023;10;RJ;SANTOS;BUZIOS;7-BUZ-12-RJS;BUZ-12;MAR;P-75;FPSO;PETROBRAS;140205.11;35.0513;0.0;35.0513;0.4215;26.2885;14706.14;31
2023;10;RJ;SANTOS;LULA;7-LL-22-RJS;LL-22;MAR;FPSO CIDADE DE MARICA;FPSO;PETROBRAS;140708.13;35.177;0.0;35.177;0.4918;26.3828;14906.64;31
2023;11;RJ;CAMPOS;MARLIM;7-MRL-215D-RJS;MRL-215D;MAR;P-35;FPSO;PETROBRAS;9755.4;1.1706;0.0;1.1706;0.0183;0.0;12856.03;30
2023;11;RJ;CAMPOS;MARLIM;7-MRL-198-RJS;MRL-198;MAR;P-35;FPSO;PETROBRAS;6177.08;0.5559;0.0;0.5559;0.0209;0.0;45647.65;30
2023;11;RJ;CAMPOS;MARLIM;7-MRL-233-RJS;MRL-233;MAR;P-37;SEMISUBMERSIVEL;PETROBRAS;3922.69;0.3923;0.0;0.3923;0.005;0.0;4549.98;19
2023;11;RJ;CAMPOS;RONCADOR;7-RO-68-RJS;RO-68;MAR;P-52;SEMISUBMERSIVEL;PETROBRAS;40919.68;6.5471;0.0;6.5471;0.1438;4.2556;14667.23;30
2023;11;RJ;CAMPOS;RONCADOR;7-RO-72D-RJS;RO-72D;MAR;P-52;SEMISUBMERSIVEL;PETROBRAS;42155.57;6.7449;0.0;6.7449;0.1055;4.3842;15703.58;30
2023;11;RJ;CAMPOS;RONCADOR;7-RO-84-RJS;RO-84;MAR;P-54;FPSO;PETROBRAS;7801.87;1.7164;0.0;1.7164;0.0601;0.0;10478.07;30
2023;11;RJ;CAMPOS;ALBACORA;7-AB-12-RJS;AB-12;MAR;P-25;SEMISUBMERSIVEL;PETROBRAS;5963.53;0.5367;0.0;0.5367;0.0214;0.0;44202.06;30
2023;11;RJ;CAMPOS;ALBACORA;7-AB-34D-RJS;AB-34D;MAR;P-31;FPSO;PETROBRAS;9787.83;1.1745;0.0;1.1745;0.0202;0.0;11934.63;30
2023;11;RN;POTIGUAR;CANTO DO AMARO;1-CAM-101-RN;CAM-101;TERRA;ESTACAO COLETORA CENTRAL CAM;ESTACAO COLETORA;3R PETROLEUM;103.93;0.0042;0.0;0.0042;0.0001;0.0;1001.78;30
2023;11;RN;POTIGUAR;CANTO DO AMARO;1-CAM-204-RN;CAM-204;TERRA;ESTACAO COLETORA CENTRAL CAM;ESTACAO COLETORA;3R PETROLEUM;101.9;0.0041;0.0;0.0041;0.0;0.0;1020.18;30
2023;11;RN;POTIGUAR;CANTO DO AMARO;1-CAM-315-RN;CAM-315;TERRA;ESTACAO COLETORA SUL;ESTACAO COLETORA;3R PETROLEUM;36.44;0.0011;0.0;0.0011;0.0;0.0;1515.44;16
2023;11;RN;POTIGUAR;UBARANA;1-UB-45-RN;UB-45;MAR;PUB-01;PLATAFORMA FIXA;3R PETROLEUM;8902.53;1.0683;0.0;1.0683;0.0195;0.0;12308.97;30
2023;11;BA;RECONCAVO;MIRANGA;1-MGP-12-BA;MGP-12;TERRA;ESTACAO MIRANGA NORTE;ESTACAO COLETORA;PETRORECONCAVO;117.49;0.0047;0.0;0.0047;0.0;0.0;947.1;30
2023;11;BA;RECONCAVO;MIRANGA;1-MGP-55-BA;MGP-55;TERRA;ESTACAO MIRANGA SUL;ESTACAO COLETORA;PETRORECONCAVO;70.15;0.0021;0.0;0.0021;0.0;0.0;2918.36;30
2023;11;BA;RECONCAVO;AGUA GRANDE;1-AG-88-BA;AG-88;TERRA;ESTACAO AGUA GRANDE;ESTACAO COLETORA;PETRORECONCAVO;102.12;0.0041;0.0;0.0041;0.0;0.0;932.52;30
2023;11;RJ;SANTOS;BUZIOS;7-BUZ-10-RJS;BUZ-10;MAR;P-74;FPSO;PETROBRAS;137285.26;34.3213;0.0;34.3213;0.4969;25.741;15670.59;30
2023;11;RJ;SANTOS;BUZIOS;7-BUZ-12-RJS;BUZ-12;MAR;P-75;FPSO;PETROBRAS;143048.61;35.7622;0.0;35.7622;0.5384;26.8216;14687.79;30
2023;11;RJ;SANTOS;LULA;7-LL-22-RJS;LL-22;MAR;FPSO CIDADE DE MARICA;FPSO;PETROBRAS;139881.59;34.9704;0.0;34.9704;0.4395;26.2278;14958.33;30
2023;12;RJ;CAMPOS;MARLIM;7-MRL-215D-RJS;MRL-215D;MAR;P-35;FPSO;PETROBRAS;8876.44;1.0652;0.0;1.0652;0.0359;0.0;13311.55;31
2023;12;RJ;CAMPOS;MARLIM;7-MRL-198-RJS;MRL-198;MAR;P-35;FPSO;PETROBRAS;5583.26;0.5025;0.0;0.5025;0.0229;0.0;46226.38;31
2023;12;RJ;CAMPOS;MARLIM;7-MRL-233-RJS;MRL-233;MAR;P-37;SEMISUBMERSIVEL;PETROBRAS;6279.83;0.628;0.0;0.628;0.0063;0.0;6837.02;31
2023;12;RJ;CAMPOS;RONCADOR;7-RO-68-RJS;RO-68;MAR;P-52;SEMISUBMERSIVEL;PETROBRAS;41894.89;6.7032;0.0;6.7032;0.1201;4.3571;15422.28;31
2023;12;RJ;CAMPOS;RONCADOR;7-RO-72D-RJS;RO-72D;MAR;P-52;SEMISUBMERSIVEL;PETROBRAS;40606.56;6.497;0.0;6.497;0.0909;4.2231;15276.04;31
2023;12;RJ;CAMPOS;RONCADOR;7-RO-84-RJS;RO-84;MAR;P-54;FPSO;PETROBRAS;7778.15;1.7112;0.0;1.7112;0.0599;0.0;11571.36;31
2023;12;RJ;CAMPOS;ALBACORA;7-AB-12-RJS;AB-12;MAR;P-25;SEMISUBMERSIVEL;PETROBRAS;6310.59;0.568;0.0;0.568;0.0179;0.0;44069.01;31
2023;12;RJ;CAMPOS;ALBACORA;7-AB-34D-RJS;AB-34D;MAR;P-31;FPSO;PETROBRAS;9145.35;1.0974;0.0;1.0974;0.0294;0.0;12838.15;31
2023;12;RN;POTIGUAR;CANTO DO AMARO;1-CAM-101-RN;CAM-101;TERRA;ESTACAO COLETORA CENTRAL CAM;ESTACAO COLETORA;3R PETROLEUM;107.76;0.0043;0.0;0.0043;0.0001;0.0;1042.8;31
2023;12;RN;POTIGUAR;CANTO DO AMARO;1-CAM-204-RN;CAM-204;TERRA;ESTACAO COLETORA CENTRAL CAM;ESTACAO COLETORA;3R PETROLEUM;103.74;0.0041;0.0;0.0041;0.0;0.0;1038.32;31
2023;12;RN;POTIGUAR;CANTO DO AMARO;1-CAM-315-RN;CAM-315;TERRA;ESTACAO COLETORA SUL;ESTACAO COLETORA;3R PETROLEUM;64.35;0.0019;0.0;0.0019;0.0;0.0;2696.53;31
2023;12;RN;POTIGUAR;UBARANA;1-UB-45-RN;UB-45;MAR;PUB-01;PLATAFORMA FIXA;3R PETROLEUM;8765.42;1.0519;0.0;1.0519;0.0162;0.0;13835.23;31
2023;12;BA;RECONCAVO;MIRANGA;1-MGP-12-BA;MGP-12;TERRA;ESTACAO MIRANGA NORTE;ESTACAO COLETORA;PETRORECONCAVO;116.37;0.0047;0.0;0.0047;0.0;0.0;1039.29;31
2023;12;BA;RECONCAVO;MIRANGA;1-MGP-55-BA;MGP-55;TERRA;ESTACAO MIRANGA SUL;ESTACAO COLETORA;PETRORECONCAVO;63.67;0.0019;0.0;0.0019;0.0;0.0;2886.87;31
2023;12;BA;RECONCAVO;AGUA GRANDE;1-AG-88-BA;AG-88;TERRA;ESTACAO AGUA GRANDE;ESTACAO COLETORA;PETRORECONCAVO;102.48;0.0041;0.0;0.0041;0.0;0.0;917.43;31
2023;12;RJ;SANTOS;BUZIOS;7-BUZ-10-RJS;BUZ-10;MAR;P-74;FPSO;PETROBRAS;142770.18;35.6925;0.0;35.6925;0.6023;26.7694;15190.2;31
2023;12;RJ;SANTOS;BUZIOS;7-BUZ-12-RJS;BUZ-12;MAR;P-75;FPSO;PETROBRAS;139872.4;34.9681;0.0;34.9681;0.3618;26.2261;15176.19;31
2023;12;RJ;SANTOS;LULA;7-LL-22-RJS;LL-22;MAR;FPSO CIDADE DE MARICA;FPSO;PETROBRAS;138093.31;34.5233;0.0;34.5233;0.3074;25.8925;14591.23;31
2024;1;RJ;CAMPOS;MARLIM;7-MRL-215D-RJS;MRL-215D;MAR;P-35;FPSO;PETROBRAS;9361.75;1.1234;0.0;1.1234;0.0197;0.0;13956.18;31
2024;1;RJ;CAMPOS;MARLIM;7-MRL-198-RJS;MRL-198;MAR;P-35;FPSO;PETROBRAS;5662.82;0.5097;0.0;0.5097;0.0152;0.0;44087.32;31
2024;1;RJ;CAMPOS;MARLIM;7-MRL-233-RJS;MRL-233;MAR;P-37;SEMISUBMERSIVEL;PETROBRAS;3301.84;0.3302;0.0;0.3302;0.0059;0.0;3702.65;17
2024;1;RJ;CAMPOS;RONCADOR;7-RO-68-RJS;RO-68;MAR;P-52;SEMISUBMERSIVEL;PETROBRAS;41412.76;6.626;0.0;6.626;0.0725;4.3069;15085.17;31
2024;1;RJ;CAMPOS;RONCADOR;7-RO-72D-RJS;RO-72D;MAR;P-52;SEMISUBMERSIVEL;PETROBRAS;40847.81;6.5356;0.0;6.5356;0.1369;4.2482;15195.69;31
2024;1;RJ;CAMPOS;RONCADOR;7-RO-84-RJS;RO-84;MAR;P-54;FPSO;PETROBRAS;7780.72;1.7118;0.0;1.7118;0.3693;0.0;10675.25;31
2024;1;RJ;CAMPOS;ALBACORA;7-AB-12-RJS;AB-12;MAR;P-25;SEMISUBMERSIVEL;PETROBRAS;2770.47;0.2493;0.0;0.2493;0.0062;0.0;21117.92;14
2024;1;RJ;CAMPOS;ALBACORA;7-AB-34D-RJS;AB-34D;MAR;P-31;FPSO;PETROBRAS;8866.26;1.064;0.0;1.064;0.033;0.0;13753.55;31
2024;1;RN;POTIGUAR;CANTO DO AMARO;1-CAM-101-RN;CAM-101;TERRA;ESTACAO COLETORA CENTRAL CAM;ESTACAO COLETORA;3R PETROLEUM;104.62;0.0042;0.0;0.0042;0.0;0.0;1015.61;31
2024;1;RN;POTIGUAR;CANTO DO AMARO;1-CAM-204-RN;CAM-204;TERRA;ESTACAO COLETORA CENTRAL CAM;ESTACAO COLETORA;3R PETROLEUM;108.68;0.0043;0.0;0.0043;0.0;0.0;900.07;31
2024;1;RN;POTIGUAR;CANTO DO AMARO;1-CAM-315-RN;CAM-315;TERRA;ESTACAO COLETORA SUL;ESTACAO COLETORA;3R PETROLEUM;69.99;0.0021;0.0;0.0021;0.0;0.0;2767.46;31
2024;1;RN;POTIGUAR;UBARANA;1-UB-45-RN;UB-45;MAR;PUB-01;PLATAFORMA FIXA;3R PETROLEUM;9239.74;1.1088;0.0;1.1088;0.0323;0.0;13208.14;31
2024;1;BA;RECONCAVO;MIRANGA;1-MGP-12-BA;MGP-12;TERRA;ESTACAO MIRANGA NORTE;ESTACAO COLETORA;PETRORECONCAVO;113.24;0.0045;0.0;0.0045;0.0001;0.0;864.32;31
2024;1;BA;RECONCAVO;MIRANGA;1-MGP-55-BA;MGP-55;TERRA;ESTACAO MIRANGA SUL;ESTACAO COLETORA;PETRORECONCAVO;69.11;0.0021;0.0;0.0021;0.0;0.0;2764.17;31
2024;1;BA;RECONCAVO;AGUA GRANDE;1-AG-88-BA;AG-88;TERRA;ESTACAO AGUA GRANDE;ESTACAO COLETORA;PETRORECONCAVO;110.84;0.0044;0.0;0.0044;0.0001;0.0;921.94;31
2024;1;RJ;SANTOS;BUZIOS;7-BUZ-10-RJS;BUZ-10;MAR;P-74;FPSO;PETROBRAS;140409.1;35.1023;0.0;35.1023;0.5122;26.3267;15331.39;31
2024;1;RJ;SANTOS;BUZIOS;7-BUZ-12-RJS;BUZ-12;MAR;P-75;FPSO;PETROBRAS;140062.82;35.0157;0.0;35.0157;0.5064;26.2618;15605.11;31
2024;1;RJ;SANTOS;LULA;7-LL-22-RJS;LL-22;MAR;FPSO CIDADE DE MARICA;FPSO;PETROBRAS;138752.11;34.688;0.0;34.688;0.5315;26.016;15119.36;31
2024;2;RJ;CAMPOS;MARLIM;7-MRL-215D-RJS;MRL-215D;MAR;P-35;FPSO;PETROBRAS;4942.39;0.5931;0.0;0.5931;0.0119;0.0;7946.06;16
2024;2;RJ;CAMPOS;MARLIM;7-MRL-198-RJS;MRL-198;MAR;P-35;FPSO;PETROBRAS;6005.14;0.5405;0.0;0.5405;0.0189;0.0;46369.7;28
2024;2;RJ;CAMPOS;MARLIM;7-MRL-233-RJS;MRL-233;MAR;P-37;SEMISUBMERSIVEL;PETROBRAS;5875.63;0.5876;0.0;0.5876;0.0142;0.0;7289.83;28
2024;2;RJ;CAMPOS;RONCADOR;7-RO-68-RJS;RO-68;MAR;P-52;SEMISUBMERSIVEL;PETROBRAS;39468.43;6.3149;0.0;6.3149;0.1241;4.1047;16488.93;28
2024;2;RJ;CAMPOS;RONCADOR;7-RO-72D-RJS;RO-72D;MAR;P-52;SEMISUBMERSIVEL;PETROBRAS;38755.47;6.2009;0.0;6.2009;0.0788;4.0306;16304.1;28
2024;2;RJ;CAMPOS;RONCADOR;7-RO-84-RJS;RO-84;MAR;P-54;FPSO;PETROBRAS;7905.02;1.7391;0.0;1.7391;0.519;0.0;10864.58;28
2024;2;RJ;CAMPOS;ALBACORA;7-AB-12-RJS;AB-12;MAR;P-25;SEMISUBMERSIVEL;PETROBRAS;5399.85;0.486;0.0;0.486;0.0136;0.0;46490.4;28
2024;2;RJ;CAMPOS;ALBACORA;7-AB-34D-RJS;AB-34D;MAR;P-31;FPSO;PETROBRAS;8698.09;1.0438;0.0;1.0438;0.0225;0.0;14506.1;28
2024;2;RN;POTIGUAR;CANTO DO AMARO;1-CAM-101-RN;CAM-101;TERRA;ESTACAO COLETORA CENTRAL CAM;ESTACAO COLETORA;3R PETROLEUM;110.5;0.0044;0.0;0.0044;0.0001;0.0;925.58;28
2024;2;RN;POTIGUAR;CANTO DO AMARO;1-CAM-204-RN;CAM-204;TERRA;ESTACAO COLETORA CENTRAL CAM;ESTACAO COLETORA;3R PETROLEUM;110.17;0.0044;0.0;0.0044;0.0;0.0;1034.2;28
2024;2;RN;POTIGUAR;CANTO DO AMARO;1-CAM-315-RN;CAM-315;TERRA;ESTACAO COLETORA SUL;ESTACAO COLETORA;3R PETROLEUM;65.54;0.002;0.0;0.002;0.0;0.0;2891.29;28
2024;2;RN;POTIGUAR;UBARANA;1-UB-45-RN;UB-45;MAR;PUB-01;PLATAFORMA FIXA;3R PETROLEUM;9086.52;1.0904;0.0;1.0904;0.0195;0.0;14326.46;28
2024;2;BA;RECONCAVO;MIRANGA;1-MGP-12-BA;MGP-12;TERRA;ESTACAO MIRANGA NORTE;ESTACAO COLETORA;PETRORECONCAVO;89.76;0.0036;0.0;0.0036;0.0;0.0;813.08;24
2024;2;BA;RECONCAVO;MIRANGA;1-MGP-55-BA;MGP-55;TERRA;ESTACAO MIRANGA SUL;ESTACAO COLETORA;PETRORECONCAVO;60.49;0.0018;0.0;0.0018;0.0;0.0;2825.13;28
2024;2;BA;RECONCAVO;AGUA GRANDE;1-AG-88-BA;AG-88;TERRA;ESTACAO AGUA GRANDE;ESTACAO COLETORA;PETRORECONCAVO;112.31;0.0045;0.0;0.0045;0.0;0.0;1034.74;28
2024;2;RJ;SANTOS;BUZIOS;7-BUZ-10-RJS;BUZ-10;MAR;P-74;FPSO;PETROBRAS;136339.69;34.0849;0.0;34.0849;0.3064;25.5637;14872.33;28
2024;2;RJ;SANTOS;BUZIOS;7-BUZ-12-RJS;BUZ-12;MAR;P-75;FPSO;PETROBRAS;138107.81;34.527;0.0;34.527;0.2875;25.8952;15677.28;28
2024;2;RJ;SANTOS;LULA;7-LL-22-RJS;LL-22;MAR;FPSO CIDADE DE MARICA;FPSO;PETROBRAS;138353.7;34.5884;0.0;34.5884;0.5726;25.9413;15675.83;28
2024;3;RJ;CAMPOS;MARLIM;7-MRL-215D-RJS;MRL-215D;MAR;P-35;FPSO;PETROBRAS;4775.18;0.573;0.0;0.573;0.0137;0.0;8446.7;17
2024;3;RJ;CAMPOS;MARLIM;7-MRL-198-RJS;MRL-198;MAR;P-35;FPSO;PETROBRAS;5377.88;0.484;0.0;0.484;0.022;0.0;46219.33;31
2024;3;RJ;CAMPOS;MARLIM;7-MRL-233-RJS;MRL-233;MAR;P-37;SEMISUBMERSIVEL;PETROBRAS;6117.96;0.6118;0.0;0.6118;0.0116;0.0;7099.19;31
2024;3;RJ;CAMPOS;RONCADOR;7-RO-68-RJS;RO-68;MAR;P-52;SEMISUBMERSIVEL;PETROBRAS;22637.48;3.622;0.0;3.622;0.0608;2.3543;9054.58;18
2024;3;RJ;CAMPOS;RONCADOR;7-RO-72D-RJS;RO-72D;MAR;P-52;SEMISUBMERSIVEL;PETROBRAS;28450.71;4.5521;0.0;4.5521;0.0582;2.9589;11856.68;22
2024;3;RJ;CAMPOS;RONCADOR;7-RO-84-RJS;RO-84;MAR;P-54;FPSO;PETROBRAS;7933.16;1.7453;0.0;1.7453;0.3819;0.0;11126.7;31
2024;3;RJ;CAMPOS;ALBACORA;7-AB-12-RJS;AB-12;MAR;P-25;SEMISUBMERSIVEL;PETROBRAS;5981.02;0.5383;0.0;0.5383;0.0237;0.0;48010.28;31
2024;3;RJ;CAMPOS;ALBACORA;7-AB-34D-RJS;AB-34D;MAR;P-31;FPSO;PETROBRAS;7439.15;0.8927;0.0;0.8927;0.031;0.0;12871.85;28
2024;3;RN;POTIGUAR;CANTO DO AMARO;1-CAM-101-RN;CAM-101;TERRA;ESTACAO COLETORA CENTRAL CAM;ESTACAO COLETORA;3R PETROLEUM;98.93;0.004;0.0;0.004;0.0;0.0;905.42;31
2024;3;RN;POTIGUAR;CANTO DO AMARO;1-CAM-204-RN;CAM-204;TERRA;ESTACAO COLETORA CENTRAL CAM;ESTACAO COLETORA;3R PETROLEUM;100.61;0.004;0.0;0.004;0.0;0.0;867.08;31
2024;3;RN;POTIGUAR;CANTO DO AMARO;1-CAM-315-RN;CAM-315;TERRA;ESTACAO COLETORA SUL;ESTACAO COLETORA;3R PETROLEUM;64.03;0.0019;0.0;0.0019;0.0;0.0;2824.53;31
2024;3;RN;POTIGUAR;UBARANA;1-UB-45-RN;UB-45;MAR;PUB-01;PLATAFORMA FIXA;3R PETROLEUM;8788.39;1.0546;0.0;1.0546;0.0398;0.0;14936.94;31
2024;3;BA;RECONCAVO;MIRANGA;1-MGP-12-BA;MGP-12;TERRA;ESTACAO MIRANGA NORTE;ESTACAO COLETORA;PETRORECONCAVO;103.83;0.0042;0.0;0.0042;0.0;0.0;977.23;31
2024;3;BA;RECONCAVO;MIRANGA;1-MGP-55-BA;MGP-55;TERRA;ESTACAO MIRANGA SUL;ESTACAO COLETORA;PETRORECONCAVO;66.5;0.002;0.0;0.002;0.0;0.0;2815.16;31
2024;3;BA;RECONCAVO;AGUA GRANDE;1-AG-88-BA;AG-88;TERRA;ESTACAO AGUA GRANDE;ESTACAO COLETORA;PETRORECONCAVO;45.12;0.0018;0.0;0.0018;0.0;0.0;393.06;14
2024;3;RJ;SANTOS;BUZIOS;7-BUZ-10-RJS;BUZ-10;MAR;P-74;FPSO;PETROBRAS;89804.12;22.451;0.0;22.451;0.3395;16.8383;9760.03;20
2024;3;RJ;SANTOS;BUZIOS;7-BUZ-12-RJS;BUZ-12;MAR;P-75;FPSO;PETROBRAS;139009.21;34.7523;0.0;34.7523;0.4537;26.0642;14692.35;31
2024;3;RJ;SANTOS;LULA;7-LL-22-RJS;LL-22;MAR;FPSO CIDADE DE MARICA;FPSO;PETROBRAS;140369.62;35.0924;0.0;35.0924;0.5105;26.3193;14421.62;31
2024;4;RJ;CAMPOS;MARLIM;7-MRL-215D-RJS;MRL-215D;MAR;P-35;FPSO;PETROBRAS;8523.79;1.0229;0.0;1.0229;0.0263;0.0;15672.08;30
2024;4;RJ;CAMPOS;MARLIM;7-MRL-198-RJS;MRL-198;MAR;P-35;FPSO;PETROBRAS;5447.4;0.4903;0.0;0.4903;0.0157;0.0;50171.68;30
2024;4;RJ;CAMPOS;MARLIM;7-MRL-233-RJS;MRL-233;MAR;P-37;SEMISUBMERSIVEL;PETROBRAS;5897.34;0.5897;0.0;0.5897;0.0082;0.0;6868.77;30
2024;4;RJ;CAMPOS;RONCADOR;7-RO-68-RJS;RO-68;MAR;P-52;SEMISUBMERSIVEL;PETROBRAS;40089.46;6.4143;0.0;6.4143;0.0712;4.1693;16457.54;30
2024;4;RJ;CAMPOS;RONCADOR;7-RO-72D-RJS;RO-72D;MAR;P-52;SEMISUBMERSIVEL;PETROBRAS;17829.34;2.8527;0.0;2.8527;0.0563;1.8543;7883.87;14
2024;4;RJ;CAMPOS;RONCADOR;7-RO-84-RJS;RO-84;MAR;P-54;FPSO;PETROBRAS;7666.03;1.6865;0.0;1.6865;0.3814;0.0;11081.29;30
2024;4;RJ;CAMPOS;ALBACORA;7-AB-12-RJS;AB-12;MAR;P-25;SEMISUBMERSIVEL;PETROBRAS;5402.69;0.4862;0.0;0.4862;0.0207;0.0;49464.21;30
2024;4;RJ;CAMPOS;ALBACORA;7-AB-34D-RJS;AB-34D;MAR;P-31;FPSO;PETROBRAS;8713.44;1.0456;0.0;1.0456;0.0314;0.0;15869.4;30
2024;4;RN;POTIGUAR;CANTO DO AMARO;1-CAM-101-RN;CAM-101;TERRA;ESTACAO COLETORA CENTRAL CAM;ESTACAO COLETORA;3R PETROLEUM;107.71;0.0043;0.0;0.0043;0.0;0.0;895.42;30
2024;4;RN;POTIGUAR;CANTO DO AMARO;1-CAM-204-RN;CAM-204;TERRA;ESTACAO COLETORA CENTRAL CAM;ESTACAO COLETORA;3R PETROLEUM;99.71;0.004;0.0;0.004;0.0;0.0;1015.62;30
2024;4;RN;POTIGUAR;CANTO DO AMARO;1-CAM-315-RN;CAM-315;TERRA;ESTACAO COLETORA SUL;ESTACAO COLETORA;3R PETROLEUM;62.89;0.0019;0.0;0.0019;0.0;0.0;2953.83;30
2024;4;RN;POTIGUAR;UBARANA;1-UB-45-RN;UB-45;MAR;PUB-01;PLATAFORMA FIXA;3R PETROLEUM;8996.69;1.0796;0.0;1.0796;0.0328;0.0;15581.83;30
2024;4;BA;RECONCAVO;MIRANGA;1-MGP-12-BA;MGP-12;TERRA;ESTACAO MIRANGA NORTE;ESTACAO COLETORA;PETRORECONCAVO;98.32;0.0039;0.0;0.0039;0.0001;0.0;1031.53;30
2024;4;BA;RECONCAVO;MIRANGA;1-MGP-55-BA;MGP-55;TERRA;ESTACAO MIRANGA SUL;ESTACAO COLETORA;PETRORECONCAVO;59.12;0.0018;0.0;0.0018;0.0;0.0;2915.78;30
2024;4;BA;RECONCAVO;AGUA GRANDE;1-AG-88-BA;AG-88;TERRA;ESTACAO AGUA GRANDE;ESTACAO COLETORA;PETRORECONCAVO;103.65;0.0041;0.0;0.0041;0.0001;0.0;856.16;30
2024;4;RJ;SANTOS;BUZIOS;7-BUZ-10-RJS;BUZ-10;MAR;P-74;FPSO;PETROBRAS;137229.59;34.3074;0.0;34.3074;0.4917;25.7305;14462.81;30
2024;4;RJ;SANTOS;BUZIOS;7-BUZ-12-RJS;BUZ-12;MAR;P-75;FPSO;PETROBRAS;95941.42;23.9854;0.0;23.9854;0.2296;17.989;10451.33;21
2024;4;RJ;SANTOS;LULA;7-LL-22-RJS;LL-22;MAR;FPSO CIDADE DE MARICA;FPSO;PETROBRAS;136700.09;34.175;0.0;34.175;0.4772;25.6313;15662.11;30
2024;5;RJ;CAMPOS;MARLIM;7-MRL-215D-RJS;MRL-215D;MAR;P-35;FPSO;PETROBRAS;7903.78;0.9485;0.0;0.9485;0.0154;0.0;15930.77;31
2024;5;RJ;CAMPOS;MARLIM;7-MRL-198-RJS;MRL-198;MAR;P-35;FPSO;PETROBRAS;2497.53;0.2248;0.0;0.2248;0.0075;0.0;22392.44;14
2024;5;RJ;CAMPOS;MARLIM;7-MRL-233-RJS;MRL-233;MAR;P-37;SEMISUBMERSIVEL;PETROBRAS;6106.7;0.6107;0.0;0.6107;0.01;0.0;6729.67;31
2024;5;RJ;CAMPOS;RONCADOR;7-RO-68-RJS;RO-68;MAR;P-52;SEMISUBMERSIVEL;PETROBRAS;39742.36;6.3588;0.0;6.3588;0.1145;4.1332;16777.54;31
2024;5;RJ;CAMPOS;RONCADOR;7-RO-72D-RJS;RO-72D;MAR;P-52;SEMISUBMERSIVEL;PETROBRAS;21012.12;3.3619;0.0;3.3619;0.0419;2.1853;8284.92;16
2024;5;RJ;CAMPOS;RONCADOR;7-RO-84-RJS;RO-84;MAR;P-54;FPSO;PETROBRAS;7755.71;1.7063;0.0;1.7063;0.3763;0.0;11348.69;31
2024;5;RJ;CAMPOS;ALBACORA;7-AB-12-RJS;AB-12;MAR;P-25;SEMISUBMERSIVEL;PETROBRAS;2345.15;0.2111;0.0;0.2111;0.0066;0.0;20215.06;13
2024;5;RJ;CAMPOS;ALBACORA;7-AB-34D-RJS;AB-34D;MAR;P-31;FPSO;PETROBRAS;8280.45;0.9937;0.0;0.9937;0.0349;0.0;16086.71;31
2024;5;RN;POTIGUAR;CANTO DO AMARO;1-CAM-101-RN;CAM-101;TERRA;ESTACAO COLETORA CENTRAL CAM;ESTACAO COLETORA;3R PETROLEUM;90.97;0.0036;0.0;0.0036;0.0;0.0;820.76;27
2024;5;RN;POTIGUAR;CANTO DO AMARO;1-CAM-204-RN;CAM-204;TERRA;ESTACAO COLETORA CENTRAL CAM;ESTACAO COLETORA;3R PETROLEUM;104.33;0.0042;0.0;0.0042;0.0;0.0;931.84;31
2024;5;RN;POTIGUAR;CANTO DO AMARO;1-CAM-315-RN;CAM-315;TERRA;ESTACAO COLETORA SUL;ESTACAO COLETORA;3R PETROLEUM;60.35;0.0018;0.0;0.0018;0.0;0.0;3011.7;31
2024;5;RN;POTIGUAR;UBARANA;1-UB-45-RN;UB-45;MAR;PUB-01;PLATAFORMA FIXA;3R PETROLEUM;8769.33;1.0523;0.0;1.0523;0.0339;0.0;15349.15;31
2024;5;BA;RECONCAVO;MIRANGA;1-MGP-12-BA;MGP-12;TERRA;ESTACAO MIRANGA NORTE;ESTACAO COLETORA;PETRORECONCAVO;104.46;0.0042;0.0;0.0042;0.0;0.0;875.11;31
2024;5;BA;RECONCAVO;MIRANGA;1-MGP-55-BA;MGP-55;TERRA;ESTACAO MIRANGA SUL;ESTACAO COLETORA;PETRORECONCAVO;57.28;0.0017;0.0;0.0017;0.0;0.0;2976.87;31
2024;5;BA;RECONCAVO;AGUA GRANDE;1-AG-88-BA;AG-88;TERRA;ESTACAO AGUA GRANDE;ESTACAO COLETORA;PETRORECONCAVO;100.83;0.004;0.0;0.004;0.0;0.0;1003.03;31
2024;5;RJ;SANTOS;BUZIOS;7-BUZ-10-RJS;BUZ-10;MAR;P-74;FPSO;PETROBRAS;137714.93;34.4287;0.0;34.4287;0.5427;25.8215;14540.86;31
2024;5;RJ;SANTOS;BUZIOS;7-BUZ-12-RJS;BUZ-12;MAR;P-75;FPSO;PETROBRAS;140669.65;35.1674;0.0;35.1674;0.3333;26.3756;15218.16;31
2024;5;RJ;SANTOS;LULA;7-LL-22-RJS;LL-22;MAR;FPSO CIDADE DE MARICA;FPSO;PETROBRAS;87362.38;21.8406;0.0;21.8406;0.3408;16.3804;9776.52;20
2024;6;RJ;CAMPOS;MARLIM;7-MRL-215D-RJS;MRL-215D;MAR;P-35;FPSO;PETROBRAS;7752.95;0.9304;0.0;0.9304;0.0254;0.0;16439.86;30
2024;6;RJ;CAMPOS;MARLIM;7-MRL-198-RJS;MRL-198;MAR;P-35;FPSO;PETROBRAS;5500.83;0.4951;0.0;0.4951;0.0236;0.0;50320.19;30
2024;6;RJ;CAMPOS;MARLIM;7-MRL-233-RJS;MRL-233;MAR;P-37;SEMISUBMERSIVEL;PETROBRAS;6011.9;0.6012;0.0;0.6012;0.0138;0.0;7087.17;30
2024;6;RJ;CAMPOS;RONCADOR;7-RO-68-RJS;RO-68;MAR;P-52;SEMISUBMERSIVEL;PETROBRAS;37767.7;6.0428;0.0;6.0428;0.0925;3.9278;16361.77;30
2024;6;RJ;CAMPOS;RONCADOR;7-RO-72D-RJS;RO-72D;MAR;P-52;SEMISUBMERSIVEL;PETROBRAS;38156.24;6.105;0.0;6.105;0.0982;3.9682;16341.05;30
2024;6;RJ;CAMPOS;RONCADOR;7-RO-84-RJS;RO-84;MAR;P-54;FPSO;PETROBRAS;7390.98;1.626;0.0;1.626;0.482;0.0;10415.09;30
2024;6;RJ;CAMPOS;ALBACORA;7-AB-12-RJS;AB-12;MAR;P-25;SEMISUBMERSIVEL;PETROBRAS;4497.59;0.4048;0.0;0.4048;0.0137;0.0;42152.91;25
2024;6;RJ;CAMPOS;ALBACORA;7-AB-34D-RJS;AB-34D;MAR;P-31;FPSO;PETROBRAS;8409.89;1.0092;0.0;1.0092;0.0265;0.0;16690.16;30
2024;6;RN;POTIGUAR;CANTO DO AMARO;1-CAM-101-RN;CAM-101;TERRA;ESTACAO COLETORA CENTRAL CAM;ESTACAO COLETORA;3R PETROLEUM;107.23;0.0043;0.0;0.0043;0.0;0.0;916.09;30
2024;6;RN;POTIGUAR;CANTO DO AMARO;1-CAM-204-RN;CAM-204;TERRA;ESTACAO COLETORA CENTRAL CAM;ESTACAO COLETORA;3R PETROLEUM;97.35;0.0039;0.0;0.0039;0.0001;0.0;874.67;30
2024;6;RN;POTIGUAR;CANTO DO AMARO;1-CAM-315-RN;CAM-315;TERRA;ESTACAO COLETORA SUL;ESTACAO COLETORA;3R PETROLEUM;62.32;0.0019;0.0;0.0019;0.0;0.0;2843.66;30
2024;6;RN;POTIGUAR;UBARANA;1-UB-45-RN;UB-45;MAR;PUB-01;PLATAFORMA FIXA;3R PETROLEUM;7828.4;0.9394;0.0;0.9394;0.0244;0.0;15758.12;30
2024;6;BA;RECONCAVO;MIRANGA;1-MGP-12-BA;MGP-12;TERRA;ESTACAO MIRANGA NORTE;ESTACAO COLETORA;PETRORECONCAVO;98.97;0.004;0.0;0.004;0.0;0.0;925.84;30
2024;6;BA;RECONCAVO;MIRANGA;1-MGP-55-BA;MGP-55;TERRA;ESTACAO MIRANGA SUL;ESTACAO COLETORA;PETRORECONCAVO;58.83;0.0018;0.0;0.0018;0.0;0.0;2877.63;30
2024;6;BA;RECONCAVO;AGUA GRANDE;1-AG-88-BA;AG-88;TERRA;ESTACAO AGUA GRANDE;ESTACAO COLETORA;PETRORECONCAVO;107.15;0.0043;0.0;0.0043;0.0;0.0;867.52;30
2024;6;RJ;SANTOS;BUZIOS;7-BUZ-10-RJS;BUZ-10;MAR;P-74;FPSO;PETROBRAS;135603.94;33.901;0.0;33.901;0.4938;25.4257;15335.6;30
2024;6;RJ;SANTOS;BUZIOS;7-BUZ-12-RJS;BUZ-12;MAR;P-75;FPSO;PETROBRAS;139662.47;34.9156;0.0;34.9156;0.4828;26.1867;14750.04;30
2024;6;RJ;SANTOS;LULA;7-LL-22-RJS;LL-22;MAR;FPSO CIDADE DE MARICA;FPSO;PETROBRAS;136056.36;34.0141;0.0;34.0141;0.5097;25.5106;15701.54;30
2024;7;RJ;CAMPOS;MARLIM;7-MRL-215D-RJS;MRL-215D;MAR;P-35;FPSO;PETROBRAS;8019.19;0.9623;0.0;0.9623;0.0219;0.0;17258.24;31
2024;7;RJ;CAMPOS;MARLIM;7-MRL-198-RJS;MRL-198;MAR;P-35;FPSO;PETROBRAS;5424.16;0.4882;0.0;0.4882;0.0196;0.0;52899.16;31
2024;7;RJ;CAMPOS;MARLIM;7-MRL-233-RJS;MRL-233;MAR;P-37;SEMISUBMERSIVEL;PETROBRAS;6037.15;0.6037;0.0;0.6037;0.0108;0.0;7129.79;31
2024;7;RJ;CAMPOS;RONCADOR;7-RO-68-RJS;RO-68;MAR;P-52;SEMISUBMERSIVEL;PETROBRAS;38314.35;6.1303;0.0;6.1303;0.088;3.9847;17159.58;31
2024;7;RJ;CAMPOS;RONCADOR;7-RO-72D-RJS;RO-72D;MAR;P-52;SEMISUBMERSIVEL;PETROBRAS;37662.57;6.026;0.0;6.026;0.0954;3.9169;18178.94;31
2024;7;RJ;CAMPOS;RONCADOR;7-RO-84-RJS;RO-84;MAR;P-54;FPSO;PETROBRAS;7033.76;1.5474;0.0;1.5474;0.4615;0.0;10441.86;31
2024;7;RJ;CAMPOS;ALBACORA;7-AB-12-RJS;AB-12;MAR;P-25;SEMISUBMERSIVEL;PETROBRAS;4644.83;0.418;0.0;0.418;0.0161;0.0;46327.14;27
2024;7;RJ;CAMPOS;ALBACORA;7-AB-34D-RJS;AB-34D;MAR;P-31;FPSO;PETROBRAS;7558.45;0.907;0.0;0.907;0.0293;0.0;15673.51;31
2024;7;RN;POTIGUAR;CANTO DO AMARO;1-CAM-101-RN;CAM-101;TERRA;ESTACAO COLETORA CENTRAL CAM;ESTACAO COLETORA;3R PETROLEUM;110.54;0.0044;0.0;0.0044;0.0;0.0;992.02;31
2024;7;RN;POTIGUAR;CANTO DO AMARO;1-CAM-204-RN;CAM-204;TERRA;ESTACAO COLETORA CENTRAL CAM;ESTACAO COLETORA;3R PETROLEUM;107.49;0.0043;0.0;0.0043;0.0;0.0;1039.22;31
2024;7;RN;POTIGUAR;CANTO DO AMARO;1-CAM-315-RN;CAM-315;TERRA;ESTACAO COLETORA SUL;ESTACAO COLETORA;3R PETROLEUM;62.02;0.0019;0.0;0.0019;0.0;0.0;2745.18;31
2024;7;RN;POTIGUAR;UBARANA;1-UB-45-RN;UB-45;MAR;PUB-01;PLATAFORMA FIXA;3R PETROLEUM;8406.52;1.0088;0.0;1.0088;0.0379;0.0;16936.69;31
2024;7;BA;RECONCAVO;MIRANGA;1-MGP-12-BA;MGP-12;TERRA;ESTACAO MIRANGA NORTE;ESTACAO COLETORA;PETRORECONCAVO;106.81;0.0043;0.0;0.0043;0.0;0.0;963.38;31
2024;7;BA;RECONCAVO;MIRANGA;1-MGP-55-BA;MGP-55;TERRA;ESTACAO MIRANGA SUL;ESTACAO COLETORA;PETRORECONCAVO;61.96;0.0019;0.0;0.0019;0.0;0.0;2843.06;31
2024;7;BA;RECONCAVO;AGUA GRANDE;1-AG-88-BA;AG-88;TERRA;ESTACAO AGUA GRANDE;ESTACAO COLETORA;PETRORECONCAVO;98.23;0.0039;0.0;0.0039;0.0;0.0;892.94;31
2024;7;RJ;SANTOS;BUZIOS;7-BUZ-10-RJS;BUZ-10;MAR;P-74;FPSO;PETROBRAS;133603.9;33.401;0.0;33.401;0.3912;25.0507;14970.89;31
2024;7;RJ;SANTOS;BUZIOS;7-BUZ-12-RJS;BUZ-12;MAR;P-75;FPSO;PETROBRAS;138131.64;34.5329;0.0;34.5329;0.3193;25.8997;15023.86;31
2024;7;RJ;SANTOS;LULA;7-LL-22-RJS;LL-22;MAR;FPSO CIDADE DE MARICA;FPSO;PETROBRAS;100249.68;25.0624;0.0;25.0624;0.2374;18.7968;11580.1;23
2024;8;RJ;CAMPOS;MARLIM;7-MRL-215D-RJS;MRL-215D;MAR;P-35;FPSO;PETROBRAS;8201.96;0.9842;0.0;0.9842;0.0259;0.0;16200.21;31
2024;8;RJ;CAMPOS;MARLIM;7-MRL-198-RJS;MRL-198;MAR;P-35;FPSO;PETROBRAS;4798.35;0.4319;0.0;0.4319;0.0151;0.0;50265.72;31
2024;8;RJ;CAMPOS;MARLIM;7-MRL-233-RJS;MRL-233;MAR;P-37;SEMISUBMERSIVEL;PETROBRAS;6142.98;0.6143;0.0;0.6143;0.0064;0.0;6912.44;31
2024;8;RJ;CAMPOS;RONCADOR;7-RO-68-RJS;RO-68;MAR;P-52;SEMISUBMERSIVEL;PETROBRAS;39292.76;6.2868;0.0;6.2868;0.1226;4.0864;17965.43;31
2024;8;RJ;CAMPOS;RONCADOR;7-RO-72D-RJS;RO-72D;MAR;P-52;SEMISUBMERSIVEL;PETROBRAS;37585.9;6.0137;0.0;6.0137;0.1104;3.9089;18283.68;31
2024;8;RJ;CAMPOS;RONCADOR;7-RO-84-RJS;RO-84;MAR;P-54;FPSO;PETROBRAS;7470.2;1.6434;0.0;1.6434;0.297;0.0;10932.15;31
2024;8;RJ;CAMPOS;ALBACORA;7-AB-12-RJS;AB-12;MAR;P-25;SEMISUBMERSIVEL;PETROBRAS;3179.89;0.2862;0.0;0.2862;0.0138;0.0;32720.71;20
2024;8;RJ;CAMPOS;ALBACORA;7-AB-34D-RJS;AB-34D;MAR;P-31;FPSO;PETROBRAS;7667.16;0.9201;0.0;0.9201;0.0193;0.0;17392.44;31
2024;8;RN;POTIGUAR;CANTO DO AMARO;1-CAM-101-RN;CAM-101;TERRA;ESTACAO COLETORA CENTRAL CAM;ESTACAO COLETORA;3R PETROLEUM;98.7;0.0039;0.0;0.0039;0.0;0.0;976.4;31
2024;8;RN;POTIGUAR;CANTO DO AMARO;1-CAM-204-RN;CAM-204;TERRA;ESTACAO COLETORA CENTRAL CAM;ESTACAO COLETORA;3R PETROLEUM;43.87;0.0018;0.0;0.0018;0.0;0.0;359.86;13
2024;8;RN;POTIGUAR;CANTO DO AMARO;1-CAM-315-RN;CAM-315;TERRA;ESTACAO COLETORA SUL;ESTACAO COLETORA;3R PETROLEUM;55.32;0.0017;0.0;0.0017;0.0;0.0;2816.24;31
2024;8;RN;POTIGUAR;UBARANA;1-UB-45-RN;UB-45;MAR;PUB-01;PLATAFORMA FIXA;3R PETROLEUM;7480.4;0.8976;0.0;0.8976;0.0284;0.0;16618.75;31
2024;8;BA;RECONCAVO;MIRANGA;1-MGP-12-BA;MGP-12;TERRA;ESTACAO MIRANGA NORTE;ESTACAO COLETORA;PETRORECONCAVO;52.58;0.0021;0.0;0.0021;0.0;0.0;523.68;17
2024;8;BA;RECONCAVO;MIRANGA;1-MGP-55-BA;MGP-55;TERRA;ESTACAO MIRANGA SUL;ESTACAO COLETORA;PETRORECONCAVO;59.02;0.0018;0.0;0.0018;0.0;0.0;2802.13;31
2024;8;BA;RECONCAVO;AGUA GRANDE;1-AG-88-BA;AG-88;TERRA;ESTACAO AGUA GRANDE;ESTACAO COLETORA;PETRORECONCAVO;105.25;0.0042;0.0;0.0042;0.0;0.0;1041.4;31
2024;8;RJ;SANTOS;BUZIOS;7-BUZ-10-RJS;BUZ-10;MAR;P-74;FPSO;PETROBRAS;113399.32;28.3498;0.0;28.3498;0.4049;21.2624;12873.7;26
2024;8;RJ;SANTOS;BUZIOS;7-BUZ-12-RJS;BUZ-12;MAR;P-75;FPSO;PETROBRAS;137880.13;34.47;0.0;34.47;0.291;25.8525;14748.78;31
2024;8;RJ;SANTOS;LULA;7-LL-22-RJS;LL-22;MAR;FPSO CIDADE DE MARICA;FPSO;PETROBRAS;138416.46;34.6041;0.0;34.6041;0.5464;25.9531;14512.63;31
2024;9;RJ;CAMPOS;MARLIM;7-MRL-215D-RJS;MRL-215D;MAR;P-35;FPSO;PETROBRAS;7770.55;0.9325;0.0;0.9325;0.0329;0.0;17546.14;30
2024;9;RJ;CAMPOS;MARLIM;7-MRL-198-RJS;MRL-198;MAR;P-35;FPSO;PETROBRAS;2044.89;0.184;0.0;0.184;0.008;0.0;22464.69;13
2024;9;RJ;CAMPOS;MARLIM;7-MRL-233-RJS;MRL-233;MAR;P-37;SEMISUBMERSIVEL;PETROBRAS;5752.98;0.5753;0.0;0.5753;0.0092;0.0;6867.05;30
2024;9;RJ;CAMPOS;RONCADOR;7-RO-68-RJS;RO-68;MAR;P-52;SEMISUBMERSIVEL;PETROBRAS;37857.04;6.0571;0.0;6.0571;0.1076;3.9371;17165.92;30
2024;9;RJ;CAMPOS;RONCADOR;7-RO-72D-RJS;RO-72D;MAR;P-52;SEMISUBMERSIVEL;PETROBRAS;39048.81;6.2478;0.0;6.2478;0.1116;4.0611;17186.05;30
2024;9;RJ;CAMPOS;RONCADOR;7-RO-84-RJS;RO-84;MAR;P-54;FPSO;PETROBRAS;7478.36;1.6452;0.0;1.6452;0.3883;0.0;10916.78;30
2024;9;RJ;CAMPOS;ALBACORA;7-AB-12-RJS;AB-12;MAR;P-25;SEMISUBMERSIVEL;PETROBRAS;5342.4;0.4808;0.0;0.4808;0.0123;0.0;52497.2;30
2024;9;RJ;CAMPOS;ALBACORA;7-AB-34D-RJS;AB-34D;MAR;P-31;FPSO;PETROBRAS;7442.59;0.8931;0.0;0.8931;0.0194;0.0;17912.01;30
2024;9;RN;POTIGUAR;CANTO DO AMARO;1-CAM-101-RN;CAM-101;TERRA;ESTACAO COLETORA CENTRAL CAM;ESTACAO COLETORA;3R PETROLEUM;44.48;0.0018;0.0;0.0018;0.0;0.0;452.42;14
2024;9;RN;POTIGUAR;CANTO DO AMARO;1-CAM-204-RN;CAM-204;TERRA;ESTACAO COLETORA CENTRAL CAM;ESTACAO COLETORA;3R PETROLEUM;99.27;0.004;0.0;0.004;0.0;0.0;870.21;30
2024;9;RN;POTIGUAR;CANTO DO AMARO;1-CAM-315-RN;CAM-315;TERRA;ESTACAO COLETORA SUL;ESTACAO COLETORA;3R PETROLEUM;58.56;0.0018;0.0;0.0018;0.0;0.0;2815.11;30
2024;9;RN;POTIGUAR;UBARANA;1-UB-45-RN;UB-45;MAR;PUB-01;PLATAFORMA FIXA;3R PETROLEUM;7426.79;0.8912;0.0;0.8912;0.0328;0.0;16243.6;30
2024;9;BA;RECONCAVO;MIRANGA;1-MGP-12-BA;MGP-12;TERRA;ESTACAO MIRANGA NORTE;ESTACAO COLETORA;PETRORECONCAVO;110.34;0.0044;0.0;0.0044;0.0001;0.0;907.17;30
2024;9;BA;RECONCAVO;MIRANGA;1-MGP-55-BA;MGP-55;TERRA;ESTACAO MIRANGA SUL;ESTACAO COLETORA;PETRORECONCAVO;53.88;0.0016;0.0;0.0016;0.0;0.0;2892.05;30
2024;9;BA;RECONCAVO;AGUA GRANDE;1-AG-88-BA;AG-88;TERRA;ESTACAO AGUA GRANDE;ESTACAO COLETORA;PETRORECONCAVO;107.11;0.0043;0.0;0.0043;0.0001;0.0;984.09;30
2024;9;RJ;SANTOS;BUZIOS;7-BUZ-10-RJS;BUZ-10;MAR;P-74;FPSO;PETROBRAS;136595.24;34.1488;0.0;34.1488;0.2851;25.6116;15421.97;30
2024;9;RJ;SANTOS;BUZIOS;7-BUZ-12-RJS;BUZ-12;MAR;P-75;FPSO;PETROBRAS;71957.18;17.9893;0.0;17.9893;0.1497;13.492;8359.57;16
2024;9;RJ;SANTOS;LULA;7-LL-22-RJS;LL-22;MAR;FPSO CIDADE DE MARICA;FPSO;PETROBRAS;135518.94;33.8797;0.0;33.8797;0.4214;25.4098;14806.45;30
2024;10;RJ;CAMPOS;MARLIM;7-MRL-215D-RJS;MRL-215D;MAR;P-35;FPSO;PETROBRAS;5757.96;0.691;0.0;0.691;0.0216;0.0;13533.24;24
2024;10;RJ;CAMPOS;MARLIM;7-MRL-198-RJS;MRL-198;MAR;P-35;FPSO;PETROBRAS;4684.94;0.4216;0.0;0.4216;0.0147;0.0;55312.76;31
2024;10;RJ;CAMPOS;MARLIM;7-MRL-233-RJS;MRL-233;MAR;P-37;SEMISUBMERSIVEL;PETROBRAS;5853.79;0.5854;0.0;0.5854;0.0081;0.0;6833.24;31
2024;10;RJ;CAMPOS;RONCADOR;7-RO-68-RJS;RO-68;MAR;P-52;SEMISUBMERSIVEL;PETROBRAS;39144.63;6.2631;0.0;6.2631;0.1315;4.071;17907.61;31
2024;10;RJ;CAMPOS;RONCADOR;7-RO-72D-RJS;RO-72D;MAR;P-52;SEMISUBMERSIVEL;PETROBRAS;36487.44;5.838;0.0;5.838;0.09;3.7947;18945.67;31
2024;10;RJ;CAMPOS;RONCADOR;7-RO-84-RJS;RO-84;MAR;P-54;FPSO;PETROBRAS;7093.8;1.5606;0.0;1.5606;0.4299;0.0;10455.88;31
2024;10;RJ;CAMPOS;ALBACORA;7-AB-12-RJS;AB-12;MAR;P-25;SEMISUBMERSIVEL;PETROBRAS;4822.19;0.434;0.0;0.434;0.0095;0.0;53429.36;31
2024;10;RJ;CAMPOS;ALBACORA;7-AB-34D-RJS;AB-34D;MAR;P-31;FPSO;PETROBRAS;7791.19;0.9349;0.0;0.9349;0.0307;0.0;18508.81;31
2024;10;RN;POTIGUAR;CANTO DO AMARO;1-CAM-101-RN;CAM-101;TERRA;ESTACAO COLETORA CENTRAL CAM;ESTACAO COLETORA;3R PETROLEUM;103.61;0.0041;0.0;0.0041;0.0;0.0;1005.8;31
2024;10;RN;POTIGUAR;CANTO DO AMARO;1-CAM-204-RN;CAM-204;TERRA;ESTACAO COLETORA CENTRAL CAM;ESTACAO COLETORA;3R PETROLEUM;96.52;0.0039;0.0;0.0039;0.0;0.0;881.39;31
2024;10;RN;POTIGUAR;CANTO DO AMARO;1-CAM-315-RN;CAM-315;TERRA;ESTACAO COLETORA SUL;ESTACAO COLETORA;3R PETROLEUM;30.99;0.0009;0.0;0.0009;0.0;0.0;1654.93;17
2024;10;RN;POTIGUAR;UBARANA;1-UB-45-RN;UB-45;MAR;PUB-01;PLATAFORMA FIXA;3R PETROLEUM;7784.26;0.9341;0.0;0.9341;0.0233;0.0;16726.65;31
2024;10;BA;RECONCAVO;MIRANGA;1-MGP-12-BA;MGP-12;TERRA;ESTACAO MIRANGA NORTE;ESTACAO COLETORA;PETRORECONCAVO;101.03;0.004;0.0;0.004;0.0;0.0;933.05;31
2024;10;BA;RECONCAVO;MIRANGA;1-MGP-55-BA;MGP-55;TERRA;ESTACAO MIRANGA SUL;ESTACAO COLETORA;PETRORECONCAVO;53.51;0.0016;0.0;0.0016;0.0;0.0;2775.4;31
2024;10;BA;RECONCAVO;AGUA GRANDE;1-AG-88-BA;AG-88;TERRA;ESTACAO AGUA GRANDE;ESTACAO COLETORA;PETRORECONCAVO;47.1;0.0019;0.0;0.0019;0.0;0.0;415.69;14
2024;10;RJ;SANTOS;BUZIOS;7-BUZ-10-RJS;BUZ-10;MAR;P-74;FPSO;PETROBRAS;136404.78;34.1012;0.0;34.1012;0.6023;25.5759;14522.94;31
2024;10;RJ;SANTOS;BUZIOS;7-BUZ-12-RJS;BUZ-12;MAR;P-75;FPSO;PETROBRAS;138248.84;34.5622;0.0;34.5622;0.3194;25.9217;14333.12;31
2024;10;RJ;SANTOS;LULA;7-LL-22-RJS;LL-22;MAR;FPSO CIDADE DE MARICA;FPSO;PETROBRAS;133170.67;33.2927;0.0;33.2927;0.5025;24.9695;14733.99;31
2024;11;RJ;CAMPOS;MARLIM;7-MRL-215D-RJS;MRL-215D;MAR;P-35;FPSO;PETROBRAS;7667.19;0.9201;0.0;0.9201;0.0333;0.0;19087.49;30
2024;11;RJ;CAMPOS;MARLIM;7-MRL-198-RJS;MRL-198;MAR;P-35;FPSO;PETROBRAS;4941.65;0.4447;0.0;0.4447;0.0106;0.0;55324.75;30
2024;11;RJ;CAMPOS;MARLIM;7-MRL-233-RJS;MRL-233;MAR;P-37;SEMISUBMERSIVEL;PETROBRAS;5809.75;0.581;0.0;0.581;0.0073;0.0;7001.8;30
2024;11;RJ;CAMPOS;RONCADOR;7-RO-68-RJS;RO-68;MAR;P-52;SEMISUBMERSIVEL;PETROBRAS;36290.74;5.8065;0.0;5.8065;0.1083;3.7742;18895.24;30
2024;11;RJ;CAMPOS;RONCADOR;7-RO-72D-RJS;RO-72D;MAR;P-52;SEMISUBMERSIVEL;PETROBRAS;38367.37;6.1388;0.0;6.1388;0.1222;3.9902;18718.33;30
2024;11;RJ;CAMPOS;RONCADOR;7-RO-84-RJS;RO-84;MAR;P-54;FPSO;PETROBRAS;6464.22;1.4221;0.0;1.4221;0.3087;0.0;9843.38;26
2024;11;RJ;CAMPOS;ALBACORA;7-AB-12-RJS;AB-12;MAR;P-25;SEMISUBMERSIVEL;PETROBRAS;4900.51;0.441;0.0;0.441;0.0092;0.0;55656.51;30
2024;11;RJ;CAMPOS;ALBACORA;7-AB-34D-RJS;AB-34D;MAR;P-31;FPSO;PETROBRAS;7289.15;0.8747;0.0;0.8747;0.0197;0.0;18498.72;30
2024;11;RN;POTIGUAR;CANTO DO AMARO;1-CAM-101-RN;CAM-101;TERRA;ESTACAO COLETORA CENTRAL CAM;ESTACAO COLETORA;3R PETROLEUM;105.51;0.0042;0.0;0.0042;0.0;0.0;932.16;30
2024;11;RN;POTIGUAR;CANTO DO AMARO;1-CAM-204-RN;CAM-204;TERRA;ESTACAO COLETORA CENTRAL CAM;ESTACAO COLETORA;3R PETROLEUM;95.06;0.0038;0.0;0.0038;0.0;0.0;933.97;30
2024;11;RN;POTIGUAR;CANTO DO AMARO;1-CAM-315-RN;CAM-315;TERRA;ESTACAO COLETORA SUL;ESTACAO COLETORA;3R PETROLEUM;52.87;0.0016;0.0;0.0016;0.0;0.0;2973.58;30
2024;11;RN;POTIGUAR;UBARANA;1-UB-45-RN;UB-45;MAR;PUB-01;PLATAFORMA FIXA;3R PETROLEUM;7712.25;0.9255;0.0;0.9255;0.0231;0.0;17808.68;30
2024;11;BA;RECONCAVO;MIRANGA;1-MGP-12-BA;MGP-12;TERRA;ESTACAO MIRANGA NORTE;ESTACAO COLETORA;PETRORECONCAVO;100.8;0.004;0.0;0.004;0.0;0.0;875.17;30
2024;11;BA;RECONCAVO;MIRANGA;1-MGP-55-BA;MGP-55;TERRA;ESTACAO MIRANGA SUL;ESTACAO COLETORA;PETRORECONCAVO;55.5;0.0017;0.0;0.0017;0.0;0.0;2711.28;30
2024;11;BA;RECONCAVO;AGUA GRANDE;1-AG-88-BA;AG-88;TERRA;ESTACAO AGUA GRANDE;ESTACAO COLETORA;PETRORECONCAVO;53.21;0.0021;0.0;0.0021;0.0;0.0;467.22;15
2024;11;RJ;SANTOS;BUZIOS;7-BUZ-10-RJS;BUZ-10;MAR;P-74;FPSO;PETROBRAS;137174.23;34.2936;0.0;34.2936;0.5216;25.7202;15650.63;30
2024;11;RJ;SANTOS;BUZIOS;7-BUZ-12-RJS;BUZ-12;MAR;P-75;FPSO;PETROBRAS;132735.09;33.1838;0.0;33.1838;0.4204;24.8878;15743.95;30
2024;11;RJ;SANTOS;LULA;7-LL-22-RJS;LL-22;MAR;FPSO CIDADE DE MARICA;FPSO;PETROBRAS;135029.04;33.7573;0.0;33.7573;0.4028;25.3179;14385.07;30
2024;12;RJ;CAMPOS;MARLIM;7-MRL-215D-RJS;MRL-215D;MAR;P-35;FPSO;PETROBRAS;6843.68;0.8212;0.0;0.8212;0.0133;0.0;18824.07;31
2024;12;RJ;CAMPOS;MARLIM;7-MRL-198-RJS;MRL-198;MAR;P-35;FPSO;PETROBRAS;4828.6;0.4346;0.0;0.4346;0.0175;0.0;57697.21;31
2024;12;RJ;CAMPOS;MARLIM;7-MRL-233-RJS;MRL-233;MAR;P-37;SEMISUBMERSIVEL;PETROBRAS;5506.86;0.5507;0.0;0.5507;0.0066;0.0;6725.25;31
2024;12;RJ;CAMPOS;RONCADOR;7-RO-68-RJS;RO-68;MAR;P-52;SEMISUBMERSIVEL;PETROBRAS;36633.63;5.8614;0.0;5.8614;0.0618;3.8099;18717.15;31
2024;12;RJ;CAMPOS;RONCADOR;7-RO-72D-RJS;RO-72D;MAR;P-52;SEMISUBMERSIVEL;PETROBRAS;25991.15;4.1586;0.0;4.1586;0.0609;2.7031;13129.36;22
2024;12;RJ;CAMPOS;RONCADOR;7-RO-84-RJS;RO-84;MAR;P-54;FPSO;PETROBRAS;7042.41;1.5493;0.0;1.5493;0.4141;0.0;11429.41;31
2024;12;RJ;CAMPOS;ALBACORA;7-AB-12-RJS;AB-12;MAR;P-25;SEMISUBMERSIVEL;PETROBRAS;4527.57;0.4075;0.0;0.4075;0.0127;0.0;53956.66;31
2024;12;RJ;CAMPOS;ALBACORA;7-AB-34D-RJS;AB-34D;MAR;P-31;FPSO;PETROBRAS;7140.25;0.8568;0.0;0.8568;0.0159;0.0;18304.65;31
2024;12;RN;POTIGUAR;CANTO DO AMARO;1-CAM-101-RN;CAM-101;TERRA;ESTACAO COLETORA CENTRAL CAM;ESTACAO COLETORA;3R PETROLEUM;98.18;0.0039;0.0;0.0039;0.0;0.0;862.65;31
2024;12;RN;POTIGUAR;CANTO DO AMARO;1-CAM-204-RN;CAM-204;TERRA;ESTACAO COLETORA CENTRAL CAM;ESTACAO COLETORA;3R PETROLEUM;104.61;0.0042;0.0;0.0042;0.0;0.0;953.67;31
2024;12;RN;POTIGUAR;CANTO DO AMARO;1-CAM-315-RN;CAM-315;TERRA;ESTACAO COLETORA SUL;ESTACAO COLETORA;3R PETROLEUM;52.04;0.0016;0.0;0.0016;0.0;0.0;2999.02;31
2024;12;RN;POTIGUAR;UBARANA;1-UB-45-RN;UB-45;MAR;PUB-01;PLATAFORMA FIXA;3R PETROLEUM;6986.05;0.8383;0.0;0.8383;0.0302;0.0;18903.16;31
2024;12;BA;RECONCAVO;MIRANGA;1-MGP-12-BA;MGP-12;TERRA;ESTACAO MIRANGA NORTE;ESTACAO COLETORA;PETRORECONCAVO;99.88;0.004;0.0;0.004;0.0;0.0;951.85;31
2024;12;BA;RECONCAVO;MIRANGA;1-MGP-55-BA;MGP-55;TERRA;ESTACAO MIRANGA SUL;ESTACAO COLETORA;PETRORECONCAVO;54.88;0.0016;0.0;0.0016;0.0;0.0;2666.06;31
2024;12;BA;RECONCAVO;AGUA GRANDE;1-AG-88-BA;AG-88;TERRA;ESTACAO AGUA GRANDE;ESTACAO COLETORA;PETRORECONCAVO;93.53;0.0037;0.0;0.0037;0.0;0.0;934.14;31
2024;12;RJ;SANTOS;BUZIOS;7-BUZ-10-RJS;BUZ-10;MAR;P-74;FPSO;PETROBRAS;137159.33;34.2898;0.0;34.2898;0.479;25.7174;15193.89;31
2024;12;RJ;SANTOS;BUZIOS;7-BUZ-12-RJS;BUZ-12;MAR;P-75;FPSO;PETROBRAS;135694.46;33.9236;0.0;33.9236;0.4676;25.4427;15708.09;31
2024;12;RJ;SANTOS;LULA;7-LL-22-RJS;LL-22;MAR;FPSO CIDADE DE MARICA;FPSO;PETROBRAS;131606.25;32.9016;0.0;32.9016;0.4357;24.6762;14970.67;31
